id,first_name,last_name,email,gender,ip_address
1,Haywood_test,Stalf,hstalf0@storify.com,Male,110.218.161.138
2,Auberta,Krale,akrale1@stanford.edu,Female,163.15.153.223
3,Nessie,Gartenfeld,ngartenfeld2@bloglovin.com,Female,96.14.185.197
4,Sheilah,Caustick,scaustick3@chronoengine.com,Female,125.6.162.111
5,Octavia,Pawlicki,opawlicki4@slashdot.org,Female,89.144.148.93
6,Amos,Dalley,adalley5@feedburner.com,Male,169.23.131.186
7,Rowen,Rust,rrust6@usnews.com,Male,227.157.109.17
8,Gerri,Celle,gcelle7@linkedin.com,Male,217.65.177.214
9,Clem,Knoton,cknoton8@salon.com,Female,36.159.148.96
10,Rinaldo,Jude,rjude9@blogspot.com,Male,87.132.57.191
11,Rodolph,Klink,rklinka@mit.edu,Male,199.58.170.97
12,Janey,Tibb,jtibbb@ihg.com,Female,85.132.84.176
13,Ody,Karchowski,okarchowskic@biblegateway.com,Male,108.155.229.31
14,Donny,Ingold,dingoldd@uiuc.edu,Male,198.129.223.107
15,Kikelia,Rowbotham,krowbothame@squarespace.com,Female,56.54.215.149
16,Michaelina,Klishin,mklishinf@i2i.jp,Female,10.13.204.57
17,Cosmo,Gauch,cgauchg@cdbaby.com,Male,81.188.83.35
18,Hoebart,Hall-Gough,hhallgoughh@independent.co.uk,Male,164.226.233.223
19,Janice,Slogrove,jslogrovei@w3.org,Female,203.192.199.14
20,Pavia,Jedryka,pjedrykaj@etsy.com,Female,202.206.228.21
21,Annabel,Gerard,agerardk@qq.com,Female,213.118.51.135
22,Richard,Merriday,rmerridayl@admin.ch,Male,255.4.158.229
23,Asa,Lazer,alazerm@ucoz.com,Male,73.25.185.50
24,Giana,Cruce,gcrucen@purevolume.com,Female,72.133.210.218
25,Stefan,Roskruge,sroskrugeo@accuweather.com,Male,36.76.85.167
26,Xever,Rycraft,xrycraftp@myspace.com,Male,55.208.94.206
27,Sheilakathryn,Schoales,sschoalesq@ucla.edu,Female,154.192.161.218
28,Hersch,Stook,hstookr@mozilla.com,Male,126.229.130.242
29,Brigham,Mayne,bmaynes@cisco.com,Male,112.125.141.197
30,Almeria,Sterke,asterket@naver.com,Female,86.54.166.204
31,Kipp,Brayson,kbraysonu@shop-pro.jp,Male,221.56.187.58
32,Linnell,Cackett,lcackettv@utexas.edu,Female,121.98.223.11
33,Harriet,Doran,hdoranw@aboutads.info,Female,186.158.192.251
34,Griz,Bracken,gbrackenx@twitpic.com,Male,138.162.25.138
35,Hobey,Arden,hardeny@gnu.org,Male,233.41.168.148
36,Aurelia,Partlett,apartlettz@xing.com,Female,155.28.133.27
37,Moss,Eyden,meyden10@mail.ru,Male,88.134.141.25
38,Webster,Greenslade,wgreenslade11@4shared.com,Male,74.178.117.118
39,Luise,Vlasyuk,lvlasyuk12@icq.com,Female,97.67.128.68
40,Ryon,Dunstan,rdunstan13@shop-pro.jp,Male,115.233.4.202
41,Roxy,Trippitt,rtrippitt14@marriott.com,Female,207.118.202.210
42,Brianne,Wakerley,bwakerley15@google.pl,Female,162.50.252.185
43,Stephine,Simants,ssimants16@delicious.com,Female,184.52.149.249
44,Adrienne,Scallon,ascallon17@senate.gov,Female,74.174.162.194
45,Clemmie,Sherwin,csherwin18@squarespace.com,Male,133.224.113.77
46,Sarette,Stennes,sstennes19@rambler.ru,Female,74.82.120.159
47,Raynard,Shillington,rshillington1a@topsy.com,Male,156.191.204.238
48,Alexander,Tatterton,atatterton1b@etsy.com,Male,148.19.116.250
49,Conney,McCreagh,cmccreagh1c@example.com,Male,247.76.133.214
50,Sherwood,Read,sread1d@nationalgeographic.com,Male,22.177.112.6
51,Cleve,Pimley,cpimley1e@abc.net.au,Male,116.173.219.166
52,Rollins,Summerbell,rsummerbell1f@wikimedia.org,Male,228.81.251.252
53,Cyrille,Toffetto,ctoffetto1g@house.gov,Male,239.193.108.13
54,Carlee,Pimbley,cpimbley1h@freewebs.com,Female,42.241.83.153
55,Alexine,Mannering,amannering1i@springer.com,Female,2.138.178.60
56,Lulu,Czaja,lczaja1j@sphinn.com,Female,142.131.205.52
57,Sheila,Hannaway,shannaway1k@about.me,Female,231.24.230.40
58,Betti,Roumier,broumier1l@exblog.jp,Female,148.189.65.229
59,Gary,Hamner,ghamner1m@usgs.gov,Male,50.87.177.86
60,Ricki,Jerman,rjerman1n@canalblog.com,Female,40.111.31.85
61,Urson,Brimman,ubrimman1o@webmd.com,Male,137.116.97.240
62,Florri,Davinet,fdavinet1p@cbslocal.com,Female,86.7.194.238
63,Kurt,Serjent,kserjent1q@cnbc.com,Male,167.24.98.12
64,Baxter,Fley,bfley1r@elpais.com,Male,7.160.97.93
65,Fran,Le Frank,flefrank1s@salon.com,Male,107.99.212.214
66,Urbain,Scare,uscare1t@psu.edu,Male,196.191.70.175
67,Bryanty,Vedekhov,bvedekhov1u@linkedin.com,Male,77.168.14.54
68,Ody,Kinch,okinch1v@a8.net,Male,130.98.240.167
69,Lurette,Piggen,lpiggen1w@csmonitor.com,Female,79.123.12.231
70,Heriberto,Wiltshear,hwiltshear1x@cnn.com,Male,166.70.200.92
71,Eulalie,Esilmon,eesilmon1y@hubpages.com,Female,237.40.122.170
72,Redd,Blezard,rblezard1z@eepurl.com,Male,117.124.162.136
73,Renato,Kevern,rkevern20@home.pl,Male,126.232.57.137
74,Vannie,Vaisey,vvaisey21@google.ru,Female,53.72.221.188
75,Gabbie,Drable,gdrable22@g.co,Female,204.64.83.157
76,Griffin,Dix,gdix23@tripod.com,Male,63.213.113.170
77,Nani,Petrasek,npetrasek24@ted.com,Female,29.20.165.170
78,Jodee,Litherborough,jlitherborough25@fastcompany.com,Female,212.249.179.162
79,Washington,Bole,wbole26@printfriendly.com,Male,158.80.146.54
80,Raynell,Hubane,rhubane27@cyberchimps.com,Female,165.54.141.137
81,Thomas,Crabtree,tcrabtree28@ft.com,Male,48.103.172.122
82,Stefa,Lumsdon,slumsdon29@creativecommons.org,Female,14.190.90.8
83,Arel,Finlater,afinlater2a@sogou.com,Male,163.93.148.179
84,Alonso,Hardaway,ahardaway2b@globo.com,Male,157.49.189.84
85,Silvain,Boles,sboles2c@cloudflare.com,Male,207.160.71.209
86,Rivi,Low,rlow2d@nymag.com,Female,16.222.122.239
87,Mord,Lenox,mlenox2e@toplist.cz,Male,246.115.215.133
88,Veradis,Vizor,vvizor2f@indiatimes.com,Female,148.222.139.212
89,Elvera,Henderson,ehenderson2g@time.com,Female,192.179.40.198
90,Town,Edmand,tedmand2h@cnet.com,Male,78.177.223.63
91,Drona,Lambourne,dlambourne2i@i2i.jp,Female,63.100.15.226
92,Fanny,Dewes,fdewes2j@hud.gov,Female,48.120.251.2
93,Jarvis,Gossipin,jgossipin2k@eepurl.com,Male,219.76.42.207
94,Geoff,Creebo,gcreebo2l@jimdo.com,Male,4.88.230.168
95,Ellsworth,Warbey,ewarbey2m@freewebs.com,Male,22.78.47.149
96,Teodoro,Cherm,tcherm2n@photobucket.com,Male,237.188.246.202
97,Claudetta,Olekhov,colekhov2o@icq.com,Female,44.13.38.93
98,Deeyn,Cockshoot,dcockshoot2p@google.es,Female,131.45.96.72
99,Joshia,McGaughay,jmcgaughay2q@wix.com,Male,182.212.17.152
100,Arney,Ramsbottom,aramsbottom2r@aboutads.info,Male,246.173.175.211
101,Bernadine,Bennedick,bbennedick2s@adobe.com,Female,221.206.215.108
102,Abigael,Stembridge,astembridge2t@abc.net.au,Female,241.190.245.25
103,Rozelle,Giacobelli,rgiacobelli2u@constantcontact.com,Female,136.146.204.220
104,Zara,Simpkiss,zsimpkiss2v@dagondesign.com,Female,117.25.167.47
105,Tawsha,Bramah,tbramah2w@sphinn.com,Female,180.45.2.61
106,Ingmar,Yurygyn,iyurygyn2x@cnet.com,Male,243.255.135.149
107,Estella,Ellington,eellington2y@nytimes.com,Female,140.67.110.128
108,Wilhelmine,Maciejewski,wmaciejewski2z@mapquest.com,Female,18.155.177.79
109,Vivianne,Gilder,vgilder30@nytimes.com,Female,141.21.68.78
110,Colver,Eeles,ceeles31@skype.com,Male,35.92.119.87
111,Reggie,Bourthoumieux,rbourthoumieux32@liveinternet.ru,Male,2.194.228.81
112,Jennee,Goodier,jgoodier33@apple.com,Female,183.195.27.91
113,Brandtr,Vasilchikov,bvasilchikov34@parallels.com,Male,79.110.25.39
114,Gerhardine,Fasson,gfasson35@jigsy.com,Female,172.182.237.103
115,Luca,McPherson,lmcpherson36@cisco.com,Male,15.57.225.0
116,Stillman,Francescotti,sfrancescotti37@usnews.com,Male,83.24.112.36
117,Carlye,Botham,cbotham38@shareasale.com,Female,222.161.231.34
118,Lorette,Leer,lleer39@t.co,Female,31.138.28.69
119,Vick,Norssister,vnorssister3a@census.gov,Male,101.117.185.192
120,Estella,Josuweit,ejosuweit3b@cpanel.net,Female,253.144.188.122
121,Dahlia,Swyndley,dswyndley3c@si.edu,Female,139.167.37.87
122,Frants,Brisset,fbrisset3d@jiathis.com,Male,29.66.82.25
123,Darlene,Prophet,dprophet3e@livejournal.com,Female,88.242.238.224
124,Staffard,Farrin,sfarrin3f@360.cn,Male,107.196.50.176
125,Holmes,Griffiths,hgriffiths3g@java.com,Male,245.227.248.240
126,Dena,Hegdonne,dhegdonne3h@techcrunch.com,Female,240.59.29.202
127,Bobby,Dekeyser,bdekeyser3i@slate.com,Male,7.69.210.229
128,Imelda,Arghent,iarghent3j@stumbleupon.com,Female,70.54.74.149
129,Brit,Basek,bbasek3k@unicef.org,Female,37.151.37.193
130,Elsworth,Udale,eudale3l@ibm.com,Male,158.222.227.173
131,Hillary,Order,horder3m@bloglines.com,Female,253.171.17.253
132,Gage,Petticrew,gpetticrew3n@spiegel.de,Male,116.75.216.213
133,Etienne,Cawte,ecawte3o@utexas.edu,Male,230.120.120.113
134,Kath,Admans,kadmans3p@issuu.com,Female,46.252.128.168
135,Jewell,Rowett,jrowett3q@chicagotribune.com,Female,153.23.175.53
136,Lazarus,Dommersen,ldommersen3r@berkeley.edu,Male,32.147.241.98
137,Julita,Dooney,jdooney3s@booking.com,Female,207.214.58.79
138,Perceval,Mcwhinney,pmcwhinney3t@noaa.gov,Male,247.165.132.7
139,Trenton,Cosin,tcosin3u@amazonaws.com,Male,71.202.255.139
140,Archaimbaud,Donnellan,adonnellan3v@digg.com,Male,218.60.193.41
141,Elizabeth,Whitney,ewhitney3w@phoca.cz,Female,163.55.164.28
142,Coreen,Greenhowe,cgreenhowe3x@youku.com,Female,18.98.250.65
143,Cairistiona,Filpi,cfilpi3y@ft.com,Female,38.185.51.199
144,Tatum,Olliffe,tolliffe3z@sciencedaily.com,Female,233.154.54.147
145,Vicky,MacLeese,vmacleese40@weebly.com,Female,45.21.191.171
146,Adeline,Schruurs,aschruurs41@hugedomains.com,Female,38.190.79.40
147,Ianthe,Walenta,iwalenta42@nps.gov,Female,228.87.8.252
148,Seth,Furneaux,sfurneaux43@spotify.com,Male,212.176.50.10
149,Francene,Breadon,fbreadon44@myspace.com,Female,93.38.146.231
150,Elisabet,Bamborough,ebamborough45@google.ca,Female,24.188.193.51
151,Kalvin,Toffalo,ktoffalo46@google.ca,Male,50.25.129.127
152,Uta,Aldrick,ualdrick47@auda.org.au,Female,52.234.227.205
153,Haskel,O'Cleary,hocleary48@tripadvisor.com,Male,31.79.181.85
154,Petrina,Oene,poene49@dmoz.org,Female,19.82.245.237
155,Wade,Burdytt,wburdytt4a@sakura.ne.jp,Male,145.153.184.136
156,Elihu,Messer,emesser4b@wp.com,Male,61.181.203.141
157,Odelia,Placstone,oplacstone4c@bloglovin.com,Female,111.246.159.168
158,Thomasa,Dumphry,tdumphry4d@facebook.com,Female,143.160.120.93
159,Vernice,Dewis,vdewis4e@amazonaws.com,Female,75.115.123.136
160,Kerrin,Tomczynski,ktomczynski4f@java.com,Female,166.143.66.167
161,Hermia,Shucksmith,hshucksmith4g@slideshare.net,Female,44.150.40.196
162,Fabiano,Couche,fcouche4h@java.com,Male,48.0.173.148
163,Ricard,Esposito,resposito4i@time.com,Male,163.108.156.142
164,Cristobal,Stirtle,cstirtle4j@g.co,Male,58.211.154.155
165,Conney,Mattei,cmattei4k@prnewswire.com,Male,163.174.202.15
166,Rosco,Yegorev,ryegorev4l@sfgate.com,Male,97.38.3.96
167,Ban,Hiddy,bhiddy4m@hatena.ne.jp,Male,171.77.178.189
168,Orlando,Huccaby,ohuccaby4n@nasa.gov,Male,166.204.114.107
169,Fawnia,Houlaghan,fhoulaghan4o@hp.com,Female,54.247.191.138
170,Guthrey,Lewnden,glewnden4p@comsenz.com,Male,164.225.133.81
171,Rafaela,Bewsey,rbewsey4q@blinklist.com,Female,200.232.148.120
172,Fax,Spancock,fspancock4r@ucoz.ru,Male,193.56.226.186
173,Bette,Cudworth,bcudworth4s@i2i.jp,Female,166.50.22.195
174,Karola,Houson,khouson4t@purevolume.com,Female,68.212.2.19
175,Ludovika,Keymar,lkeymar4u@dyndns.org,Female,106.81.84.129
176,Georgetta,Camoys,gcamoys4v@chron.com,Female,114.247.105.8
177,Josias,Ginglell,jginglell4w@posterous.com,Male,81.213.129.45
178,Maurita,Casini,mcasini4x@npr.org,Female,187.41.232.21
179,Cross,Kumaar,ckumaar4y@sourceforge.net,Male,86.68.26.166
180,Thibaut,St. Paul,tstpaul4z@drupal.org,Male,73.172.117.164
181,Morty,Hagwood,mhagwood50@aboutads.info,Male,220.179.248.172
182,Holden,Bambrough,hbambrough51@uiuc.edu,Male,123.12.144.171
183,Dare,Burbank,dburbank52@biblegateway.com,Male,182.144.131.65
184,Boycey,Kochs,bkochs53@howstuffworks.com,Male,161.30.28.143
185,Cortie,Allbon,callbon54@tamu.edu,Male,198.5.217.178
186,Derry,Scatchar,dscatchar55@youku.com,Male,186.21.179.149
187,Yetta,Dunniom,ydunniom56@icq.com,Female,58.230.40.17
188,Shepperd,Schwandt,sschwandt57@stumbleupon.com,Male,214.196.106.83
189,Ferrel,Heinzler,fheinzler58@home.pl,Male,87.8.198.193
190,Mab,Spurdens,mspurdens59@redcross.org,Female,146.6.167.214
191,Sabine,De Witt,sdewitt5a@ustream.tv,Female,202.197.247.212
192,Elka,Frail,efrail5b@sphinn.com,Female,48.0.38.17
193,Penrod,Seabrook,pseabrook5c@shop-pro.jp,Male,45.148.203.138
194,Darrin,Kilborn,dkilborn5d@google.com.au,Male,116.59.105.87
195,Sari,Avieson,savieson5e@army.mil,Female,58.198.248.219
196,Gwenora,Lewsam,glewsam5f@java.com,Female,13.222.218.183
197,Doll,Lloyd,dlloyd5g@squarespace.com,Female,159.212.255.145
198,Eberhard,Tillard,etillard5h@dropbox.com,Male,142.221.202.249
199,Lothaire,Reede,lreede5i@google.ca,Male,215.170.169.120
200,Alisander,Yersin,ayersin5j@umn.edu,Male,132.18.73.115
201,Bella,Sussams,bsussams5k@jugem.jp,Female,220.166.140.223
202,Hettie,Clears,hclears5l@deliciousdays.com,Female,145.207.19.132
203,Candice,Jorry,cjorry5m@4shared.com,Female,103.230.184.100
204,Ingra,Franchyonok,ifranchyonok5n@sfgate.com,Male,157.89.100.241
205,Ingaberg,Sharvell,isharvell5o@trellian.com,Female,220.219.2.254
206,Brinna,Keywood,bkeywood5p@amazon.co.uk,Female,26.0.40.248
207,Dallas,Wartnaby,dwartnaby5q@dailymotion.com,Female,235.104.231.179
208,Benny,Readwing,breadwing5r@g.co,Male,77.77.207.210
209,Bette,Hedden,bhedden5s@salon.com,Female,22.94.254.181
210,Asia,Chieco,achieco5t@twitpic.com,Female,97.169.167.13
211,Pascal,Itzchaky,pitzchaky5u@disqus.com,Male,88.235.184.13
212,Lark,Richfield,lrichfield5v@nps.gov,Female,217.184.159.75
213,Ginger,Ruzic,gruzic5w@dion.ne.jp,Male,166.45.52.37
214,Annissa,Goodhall,agoodhall5x@edublogs.org,Female,42.146.249.183
215,Torre,Kondrachenko,tkondrachenko5y@squidoo.com,Male,11.73.78.90
216,Ezekiel,Greetham,egreetham5z@un.org,Male,140.174.255.155
217,Natty,Jzak,njzak60@ezinearticles.com,Male,191.121.190.31
218,Carmel,Paulton,cpaulton61@nba.com,Female,131.252.227.238
219,Kendell,Yter,kyter62@marketwatch.com,Male,46.80.229.117
220,Elmore,Cutmare,ecutmare63@yolasite.com,Male,76.226.165.105
221,Aleen,Dei,adei64@chicagotribune.com,Female,187.6.147.213
222,Branden,Durston,bdurston65@uol.com.br,Male,191.98.166.116
223,Riki,Jimson,rjimson66@stanford.edu,Female,34.5.242.53
224,Mathilda,McNicol,mmcnicol67@woothemes.com,Female,184.170.41.164
225,Hannie,Bramall,hbramall68@bravesites.com,Female,204.255.208.97
226,Phoebe,Gateman,pgateman69@xrea.com,Female,108.30.171.37
227,Darelle,Chastney,dchastney6a@nydailynews.com,Female,29.180.39.194
228,Guinna,Beccero,gbeccero6b@meetup.com,Female,39.199.242.223
229,Malory,Whittlesee,mwhittlesee6c@booking.com,Female,54.169.148.19
230,Fred,Mepsted,fmepsted6d@goo.ne.jp,Male,206.165.196.232
231,Granthem,List,glist6e@disqus.com,Male,12.237.87.74
232,Boote,Ojeda,bojeda6f@nsw.gov.au,Male,49.197.94.232
233,Dodie,Gerard,dgerard6g@fc2.com,Female,4.203.154.168
234,Herb,Hallifax,hhallifax6h@bloglovin.com,Male,61.255.191.118
235,Ab,Kleeman,akleeman6i@aol.com,Male,27.223.211.177
236,Lek,Ivashin,livashin6j@bloomberg.com,Male,203.240.121.9
237,Julita,Baudinet,jbaudinet6k@seesaa.net,Female,228.123.49.190
238,Chev,Ferreri,cferreri6l@webeden.co.uk,Male,55.185.56.32
239,Forrest,Yokel,fyokel6m@ihg.com,Male,148.131.220.165
240,Minnie,Thursby,mthursby6n@cafepress.com,Female,23.169.17.99
241,Iorgo,Luff,iluff6o@cargocollective.com,Male,56.121.151.33
242,Janaya,Cheeney,jcheeney6p@e-recht24.de,Female,5.115.67.174
243,Sile,Swaby,sswaby6q@latimes.com,Female,219.150.10.144
244,Georgianne,Dobbin,gdobbin6r@people.com.cn,Female,43.24.198.242
245,Kinny,Nardi,knardi6s@ucoz.com,Male,225.50.132.6
246,Hy,Malyan,hmalyan6t@wikipedia.org,Male,35.217.225.17
247,Stinky,Dolphin,sdolphin6u@cisco.com,Male,158.100.54.243
248,Ezmeralda,Izen,eizen6v@pen.io,Female,3.101.116.103
249,Ernst,Crowley,ecrowley6w@bloglines.com,Male,216.159.155.187
250,Ezmeralda,Burleton,eburleton6x@telegraph.co.uk,Female,178.91.201.217
251,Murdock,Tichner,mtichner6y@ning.com,Male,123.101.46.43
252,Shannon,Burke,sburke6z@harvard.edu,Female,73.130.229.142
253,Rabi,Camden,rcamden70@businessinsider.com,Male,91.132.237.56
254,Cecilius,Dumphy,cdumphy71@github.io,Male,70.164.88.208
255,Andie,Force,aforce72@google.co.uk,Female,115.215.100.117
256,Ardra,Stocker,astocker73@cbc.ca,Female,149.210.209.203
257,Clywd,Ker,cker74@fda.gov,Male,118.190.162.43
258,Ellynn,Stonhouse,estonhouse75@1688.com,Female,129.111.90.168
259,Tani,Spawforth,tspawforth76@baidu.com,Female,167.86.159.225
260,Kristi,Fireman,kfireman77@narod.ru,Female,201.188.78.162
261,Ellyn,Neave,eneave78@jalbum.net,Female,68.154.50.52
262,Eleni,Maylor,emaylor79@ibm.com,Female,118.130.15.37
263,Melvyn,Halle,mhalle7a@xing.com,Male,73.64.231.221
264,Stephen,Tarry,starry7b@facebook.com,Male,138.95.223.139
265,Cord,Kindleside,ckindleside7c@clickbank.net,Male,155.10.128.77
266,Rozalie,Lednor,rlednor7d@eventbrite.com,Female,214.144.43.80
267,Ransell,Svanetti,rsvanetti7e@clickbank.net,Male,37.56.199.217
268,Trude,Iacomelli,tiacomelli7f@reference.com,Female,165.120.5.14
269,Audra,Skillington,askillington7g@usatoday.com,Female,207.10.91.145
270,Daisey,Iliff,diliff7h@vistaprint.com,Female,98.249.176.25
271,Abbi,Leacock,aleacock7i@storify.com,Female,109.22.115.121
272,Pieter,Najera,pnajera7j@loc.gov,Male,195.30.210.176
273,Jillayne,Bengal,jbengal7k@independent.co.uk,Female,234.133.129.88
274,Ruthie,Morot,rmorot7l@furl.net,Female,86.58.215.7
275,Vernen,Sibary,vsibary7m@amazon.de,Male,145.201.97.85
276,Matti,Isted,misted7n@ted.com,Female,68.132.75.14
277,Marcellina,Anstey,manstey7o@cam.ac.uk,Female,31.222.192.142
278,Cristiano,Thieme,cthieme7p@lulu.com,Male,222.218.87.101
279,Meara,Gonthard,mgonthard7q@abc.net.au,Female,99.179.233.163
280,Julieta,Gosswell,jgosswell7r@cocolog-nifty.com,Female,167.1.83.200
281,Gualterio,Stelljes,gstelljes7s@youtu.be,Male,194.94.108.229
282,Sargent,Cosins,scosins7t@walmart.com,Male,86.65.58.167
283,Cort,Zebedee,czebedee7u@craigslist.org,Male,140.122.159.247
284,Fayette,Tal,ftal7v@i2i.jp,Female,91.0.217.231
285,Ariel,Moorfield,amoorfield7w@nymag.com,Female,204.60.100.187
286,Arvie,Jachtym,ajachtym7x@devhub.com,Male,174.229.12.245
287,Moses,Itzakson,mitzakson7y@lulu.com,Male,103.30.88.197
288,Dulsea,Parmby,dparmby7z@hao123.com,Female,170.54.78.241
289,Ingunna,Haley,ihaley80@ucoz.ru,Female,162.66.232.95
290,Raphael,Tower,rtower81@ed.gov,Male,98.52.88.187
291,Dulcia,Samson,dsamson82@cbc.ca,Female,155.149.14.80
292,Westbrooke,McIlhatton,wmcilhatton83@umich.edu,Male,44.84.153.2
293,Ric,Gostling,rgostling84@domainmarket.com,Male,26.53.186.220
294,Aldrich,Braithwaite,abraithwaite85@blogger.com,Male,151.54.196.217
295,Andris,Nisbet,anisbet86@fastcompany.com,Male,247.152.142.20
296,Eula,Kimmins,ekimmins87@fema.gov,Female,25.190.240.200
297,Ava,Porker,aporker88@usnews.com,Female,180.112.115.2
298,Aland,Wedgwood,awedgwood89@prlog.org,Male,253.83.75.223
299,Burg,Darthe,bdarthe8a@economist.com,Male,103.22.142.196
300,Nicolis,McArd,nmcard8b@bbb.org,Male,52.189.113.57
301,Marylinda,Camacho,mcamacho8c@so-net.ne.jp,Female,76.229.117.187
302,Bobine,Chisman,bchisman8d@jiathis.com,Female,191.2.143.243
303,Lemar,Bortoletti,lbortoletti8e@smh.com.au,Male,165.140.96.195
304,Netty,Riglesford,nriglesford8f@sbwire.com,Female,71.186.181.176
305,Alexio,Ashpital,aashpital8g@wordpress.com,Male,97.85.33.10
306,Chloe,Gilder,cgilder8h@xing.com,Female,98.43.60.238
307,Lory,Pumphreys,lpumphreys8i@alexa.com,Female,183.240.128.43
308,Tades,Andreu,tandreu8j@woothemes.com,Male,255.116.209.59
309,Chester,Curee,ccuree8k@businessinsider.com,Male,235.217.202.4
310,Clement,Childes,cchildes8l@eventbrite.com,Male,36.78.34.223
311,Margalit,Gannan,mgannan8m@youku.com,Female,80.82.159.78
312,Elane,Staveley,estaveley8n@dot.gov,Female,244.229.62.117
313,Addy,Grievson,agrievson8o@wikispaces.com,Male,178.106.245.158
314,Rica,Prudham,rprudham8p@samsung.com,Female,94.53.14.90
315,Stanislas,Orry,sorry8q@blogspot.com,Male,8.90.51.2
316,Roland,Linzey,rlinzey8r@arizona.edu,Male,205.75.99.16
317,Virginie,Slyme,vslyme8s@nytimes.com,Female,96.229.131.239
318,Ade,Spillman,aspillman8t@xrea.com,Male,158.135.72.21
319,Stormi,Bakewell,sbakewell8u@acquirethisname.com,Female,209.81.65.202
320,Patten,Vignal,pvignal8v@hubpages.com,Male,188.34.40.154
321,Timofei,Tondeur,ttondeur8w@cbc.ca,Male,42.138.80.113
322,Hatti,Callan,hcallan8x@unicef.org,Female,165.43.10.54
323,Greg,Vakhrushin,gvakhrushin8y@techcrunch.com,Male,176.57.147.119
324,Kirby,Suddick,ksuddick8z@prnewswire.com,Female,6.226.159.191
325,Thomasin,Rottenbury,trottenbury90@typepad.com,Female,198.228.12.121
326,Orville,Seeler,oseeler91@blogger.com,Male,151.198.113.108
327,Bonni,MacNulty,bmacnulty92@dropbox.com,Female,253.50.205.45
328,Desiri,Everton,deverton93@techcrunch.com,Female,108.211.134.232
329,Sanson,Kirke,skirke94@xinhuanet.com,Male,215.7.3.73
330,Garrott,Paffitt,gpaffitt95@cpanel.net,Male,95.83.15.114
331,Odetta,Salsbury,osalsbury96@hubpages.com,Female,8.25.63.20
332,Raina,Loney,rloney97@weibo.com,Female,154.87.41.207
333,Cesaro,Biskupiak,cbiskupiak98@eventbrite.com,Male,97.102.8.100
334,Trish,Lovewell,tlovewell99@homestead.com,Female,140.14.16.40
335,Collin,Vitet,cvitet9a@dyndns.org,Male,245.250.32.61
336,Bartlett,Jewkes,bjewkes9b@bluehost.com,Male,206.214.26.77
337,Tarrah,Davidovics,tdavidovics9c@unesco.org,Female,211.180.111.31
338,Kilian,Realy,krealy9d@washingtonpost.com,Male,170.232.121.63
339,Netti,Chasmer,nchasmer9e@nhs.uk,Female,164.66.189.229
340,Ashlen,Hinks,ahinks9f@cpanel.net,Female,200.106.170.201
341,Lenka,Joyson,ljoyson9g@washingtonpost.com,Female,104.213.210.69
342,Stanislaw,Daveren,sdaveren9h@google.com.au,Male,160.233.221.22
343,Dieter,Rapelli,drapelli9i@surveymonkey.com,Male,252.215.166.97
344,Chlo,Aloway,caloway9j@sfgate.com,Female,18.237.102.49
345,Lari,Miell,lmiell9k@wufoo.com,Female,22.72.185.156
346,Adi,Pembridge,apembridge9l@usa.gov,Female,44.88.166.176
347,Raye,Stockford,rstockford9m@trellian.com,Female,98.10.236.201
348,Sheelagh,Comer,scomer9n@merriam-webster.com,Female,21.2.39.204
349,Sheree,Tofano,stofano9o@walmart.com,Female,32.125.208.163
350,Tobe,Crowcher,tcrowcher9p@forbes.com,Male,120.5.221.241
351,Hamnet,Izkoveski,hizkoveski9q@webeden.co.uk,Male,225.108.204.248
352,Therine,Lukacs,tlukacs9r@ted.com,Female,5.41.215.226
353,Retha,Babinski,rbabinski9s@alibaba.com,Female,115.142.209.6
354,Estevan,Loudon,eloudon9t@parallels.com,Male,48.16.6.211
355,Dorothy,Bann,dbann9u@icq.com,Female,86.108.206.206
356,Geno,Gentle,ggentle9v@diigo.com,Male,54.174.204.205
357,Saudra,Muscott,smuscott9w@hhs.gov,Female,107.114.82.19
358,Cosmo,Satford,csatford9x@dailymotion.com,Male,100.222.185.226
359,Izzy,Greenly,igreenly9y@webs.com,Male,177.253.159.178
360,Ferd,Dearden,fdearden9z@smh.com.au,Male,99.100.34.146
361,Shea,Edbrooke,sedbrookea0@ameblo.jp,Male,70.95.219.54
362,Bradney,Paz,bpaza1@tumblr.com,Male,232.187.11.48
363,Hastings,Flageul,hflageula2@google.co.jp,Male,169.106.199.190
364,Norton,Nozzolinii,nnozzoliniia3@europa.eu,Male,43.30.254.159
365,Anne-marie,Bohden,abohdena4@google.com.hk,Female,225.148.13.98
366,Selestina,Colston,scolstona5@ocn.ne.jp,Female,234.125.246.112
367,Jacky,Borrill,jborrilla6@privacy.gov.au,Male,176.203.191.68
368,Frederick,Bes,fbesa7@amazon.de,Male,164.147.141.61
369,Carlin,Merrington,cmerringtona8@issuu.com,Male,154.173.230.166
370,Page,Elloy,pelloya9@a8.net,Female,130.74.90.217
371,Zeke,Burgess,zburgessaa@privacy.gov.au,Male,183.106.180.145
372,Paulie,Sebring,psebringab@ehow.com,Female,228.226.96.2
373,Raymond,Ferrieri,rferrieriac@wikipedia.org,Male,7.167.248.93
374,Shermie,Suter,ssuterad@printfriendly.com,Male,29.197.150.58
375,Finlay,Hanvey,fhanveyae@cargocollective.com,Male,155.106.128.23
376,Guillemette,Rapo,grapoaf@reuters.com,Female,61.145.146.101
377,Giuseppe,Wrought,gwroughtag@amazon.com,Male,2.143.39.161
378,Tisha,Rosel,troselah@rediff.com,Female,86.8.47.100
379,Ody,Durbann,odurbannai@nasa.gov,Male,151.16.170.121
380,Isaak,Lilbourne,ililbourneaj@skyrock.com,Male,241.164.218.129
381,Marci,Tremellier,mtremellierak@miibeian.gov.cn,Female,176.198.139.80
382,Romain,Guerreru,rguerrerual@delicious.com,Male,191.226.61.204
383,Marillin,Scatchar,mscatcharam@shutterfly.com,Female,128.206.77.8
384,Birch,Coarser,bcoarseran@blogs.com,Male,68.67.140.234
385,Philbert,Tunuy,ptunuyao@ustream.tv,Male,78.127.212.224
386,Tod,Molyneaux,tmolyneauxap@cargocollective.com,Male,200.109.234.242
387,Sheppard,Satchell,ssatchellaq@apple.com,Male,72.151.203.43
388,Alanah,Pyott,apyottar@simplemachines.org,Female,127.193.88.217
389,Fons,Ricciardiello,fricciardielloas@privacy.gov.au,Male,176.160.145.98
390,Herve,Kynsey,hkynseyat@freewebs.com,Male,87.233.153.47
391,Rutter,Feehily,rfeehilyau@webs.com,Male,231.103.4.2
392,Alfy,Oakey,aoakeyav@mediafire.com,Female,226.80.42.152
393,Ashby,Shemming,ashemmingaw@nps.gov,Male,54.142.108.169
394,Trina,Jamison,tjamisonax@vistaprint.com,Female,8.40.21.60
395,Jeramie,Montacute,jmontacuteay@hhs.gov,Male,68.50.15.218
396,Augy,Troillet,atroilletaz@cocolog-nifty.com,Male,126.14.210.218
397,Janna,Andrich,jandrichb0@fda.gov,Female,72.191.162.116
398,Romy,Turland,rturlandb1@china.com.cn,Female,37.5.207.213
399,Gardener,Dofty,gdoftyb2@theatlantic.com,Male,90.238.205.22
400,Lorette,Sutcliffe,lsutcliffeb3@biglobe.ne.jp,Female,68.136.237.110
401,Helenka,Bricklebank,hbricklebankb4@yandex.ru,Female,2.9.136.125
402,Bidget,Oldman,boldmanb5@fotki.com,Female,50.210.240.73
403,Baldwin,Gibbins,bgibbinsb6@yellowpages.com,Male,243.115.21.52
404,Moreen,Loughman,mloughmanb7@cocolog-nifty.com,Female,55.52.101.242
405,Tamra,Langfield,tlangfieldb8@state.tx.us,Female,181.252.53.27
406,Winny,Kestle,wkestleb9@jiathis.com,Male,45.22.232.210
407,Araldo,Gillbee,agillbeeba@smh.com.au,Male,191.234.82.223
408,Thatcher,Rattray,trattraybb@uol.com.br,Male,39.12.238.59
409,Jud,Andrioletti,jandriolettibc@mysql.com,Male,157.10.223.65
410,Cecilius,Trulock,ctrulockbd@huffingtonpost.com,Male,174.230.115.241
411,Robbin,Bird,rbirdbe@adobe.com,Female,119.190.228.4
412,Rickie,Kittow,rkittowbf@newyorker.com,Male,189.75.236.63
413,Tildi,Edis,tedisbg@digg.com,Female,168.31.30.97
414,Torrey,Rubinchik,trubinchikbh@irs.gov,Male,129.28.38.223
415,Ronna,Charnley,rcharnleybi@tinyurl.com,Female,64.211.55.200
416,Errol,Picker,epickerbj@quantcast.com,Male,132.46.50.35
417,Franklin,Cissen,fcissenbk@woothemes.com,Male,234.191.174.101
418,Maitilde,Beavis,mbeavisbl@blinklist.com,Female,180.170.208.141
419,Steffie,Hyett,shyettbm@fotki.com,Female,232.84.191.45
420,Adelheid,Cattell,acattellbn@hibu.com,Female,134.14.64.61
421,Francklyn,Brockie,fbrockiebo@jimdo.com,Male,249.22.247.50
422,Keary,Merrall,kmerrallbp@eepurl.com,Male,110.46.140.165
423,Sharla,Torn,stornbq@tmall.com,Female,59.96.163.66
424,Lyman,Spurden,lspurdenbr@wordpress.org,Male,61.154.189.29
425,Lezley,Augie,laugiebs@census.gov,Male,217.151.77.212
426,Maury,O'Hogertie,mohogertiebt@sun.com,Male,27.236.206.185
427,Dinnie,Eastbrook,deastbrookbu@mysql.com,Female,166.229.175.47
428,Stephana,McKea,smckeabv@topsy.com,Female,77.160.141.94
429,Jyoti,Filipchikov,jfilipchikovbw@wordpress.com,Female,232.64.63.115
430,Chaddie,Fitkin,cfitkinbx@ucla.edu,Male,101.161.246.100
431,Genia,Renwick,grenwickby@twitpic.com,Female,105.15.176.239
432,Carmelle,Tosdevin,ctosdevinbz@archive.org,Female,62.207.66.117
433,Bevon,Syder,bsyderc0@ocn.ne.jp,Male,164.114.78.84
434,Cad,Haliburn,chaliburnc1@baidu.com,Male,21.115.19.154
435,Deck,Dutton,dduttonc2@angelfire.com,Male,29.181.149.99
436,Marlow,Puddephatt,mpuddephattc3@drupal.org,Male,218.208.14.165
437,Sherri,Boichat,sboichatc4@ehow.com,Female,47.37.136.40
438,Nicholas,Cromer,ncromerc5@tmall.com,Male,50.62.6.52
439,Essie,McLewd,emclewdc6@slashdot.org,Female,73.232.253.198
440,Jay,Muttitt,jmuttittc7@nydailynews.com,Male,51.99.97.153
441,Chickie,Wyllie,cwylliec8@indiatimes.com,Male,96.177.198.36
442,Kaia,Ceschi,kceschic9@imdb.com,Female,227.192.78.92
443,Silas,Calender,scalenderca@last.fm,Male,190.202.238.208
444,Rozalin,Dell,rdellcb@webnode.com,Female,66.45.164.220
445,Aggy,Koenraad,akoenraadcc@bizjournals.com,Female,12.112.105.3
446,Tomkin,Castrillo,tcastrillocd@sohu.com,Male,23.5.242.17
447,Garvy,Gauler,ggaulerce@goodreads.com,Male,63.100.177.110
448,Ginevra,Oldknow,goldknowcf@dion.ne.jp,Female,120.86.50.73
449,Elka,Blaschek,eblaschekcg@hubpages.com,Female,188.222.117.4
450,Janaye,Tuff,jtuffch@sourceforge.net,Female,190.71.1.81
451,Julee,Blackadder,jblackadderci@angelfire.com,Female,151.222.61.220
452,Lou,Shelsher,lshelshercj@cornell.edu,Female,47.6.49.131
453,Uriah,Syers,usyersck@google.fr,Male,198.240.10.47
454,Lamond,Elliman,lellimancl@admin.ch,Male,33.0.31.18
455,Chilton,Dunridge,cdunridgecm@webs.com,Male,239.46.117.50
456,Shani,Heinig,sheinigcn@europa.eu,Female,25.90.117.125
457,Brittani,Hairsnape,bhairsnapeco@engadget.com,Female,211.136.10.9
458,Geoffrey,Fairfull,gfairfullcp@yahoo.co.jp,Male,25.12.193.142
459,Enriqueta,Battson,ebattsoncq@tripod.com,Female,42.65.243.168
460,Doreen,Tiron,dtironcr@spotify.com,Female,215.139.62.113
461,Mireielle,Randales,mrandalescs@yolasite.com,Female,163.31.176.160
462,Josephine,Lieber,jlieberct@columbia.edu,Female,102.98.247.31
463,Florie,Sharphouse,fsharphousecu@discuz.net,Female,108.171.90.148
464,Angelika,Docker,adockercv@si.edu,Female,129.222.188.239
465,Brinn,Honnicott,bhonnicottcw@businessweek.com,Female,111.194.123.26
466,Flore,Glisane,fglisanecx@smh.com.au,Female,220.181.117.229
467,Uriah,Eaves,ueavescy@businessweek.com,Male,52.81.143.76
468,Brade,Stolberger,bstolbergercz@alexa.com,Male,83.11.56.247
469,Marybeth,Staggs,mstaggsd0@bbb.org,Female,70.100.138.0
470,Jody,Le Brun,jlebrund1@wunderground.com,Female,195.216.7.143
471,Bekki,Hartwright,bhartwrightd2@hostgator.com,Female,177.5.40.243
472,Tressa,Reaney,treaneyd3@t.co,Female,228.181.14.238
473,Horace,Strangeway,hstrangewayd4@berkeley.edu,Male,138.248.60.172
474,Fredericka,Blyden,fblydend5@trellian.com,Female,181.8.151.162
475,Christalle,Ife,cifed6@behance.net,Female,167.41.66.181
476,Zonnya,Trippick,ztrippickd7@jiathis.com,Female,49.196.131.42
477,Robenia,Olphert,rolphertd8@surveymonkey.com,Female,206.184.89.250
478,Thia,Borland,tborlandd9@foxnews.com,Female,91.121.144.238
479,Betteanne,Sugge,bsuggeda@bloomberg.com,Female,196.4.143.244
480,Freddy,Ekless,feklessdb@friendfeed.com,Female,48.211.71.212
481,Chiquia,Gunbie,cgunbiedc@blogtalkradio.com,Female,10.101.205.93
482,Fergus,Kike,fkikedd@berkeley.edu,Male,96.188.32.70
483,Issie,McIlheran,imcilherande@soup.io,Female,175.229.116.147
484,Kizzee,Opdenort,kopdenortdf@sogou.com,Female,14.94.90.195
485,Tuesday,Thaim,tthaimdg@pcworld.com,Female,220.140.213.142
486,Annis,Overil,aoverildh@photobucket.com,Female,169.5.132.56
487,Aldus,Dirkin,adirkindi@netlog.com,Male,130.222.158.126
488,Merwyn,Ivanonko,mivanonkodj@springer.com,Male,151.116.35.126
489,Livvyy,Cosgriff,lcosgriffdk@businessweek.com,Female,69.77.27.214
490,Marcia,Gissing,mgissingdl@intel.com,Female,164.34.62.88
491,Claudio,Vieyra,cvieyradm@nih.gov,Male,180.87.188.211
492,Riley,Margetts,rmargettsdn@amazonaws.com,Male,61.249.143.177
493,Sandro,Counter,scounterdo@scribd.com,Male,136.157.23.235
494,Desmund,Corrie,dcorriedp@spiegel.de,Male,115.105.136.150
495,Agnese,Durrant,adurrantdq@qq.com,Female,154.73.9.6
496,Alard,Lowmass,alowmassdr@psu.edu,Male,99.189.252.122
497,Keary,Cotter,kcotterds@addtoany.com,Male,63.200.245.247
498,Sabrina,Parkinson,sparkinsondt@google.com.br,Female,16.206.194.177
499,Horst,Kender,hkenderdu@oakley.com,Male,252.162.79.121
500,Ajay,Monteath,amonteathdv@cbsnews.com,Female,252.61.187.150
501,Anne,Szachniewicz,aszachniewiczdw@live.com,Female,243.25.47.166
502,Parke,Jarley,pjarleydx@java.com,Male,22.248.214.57
503,Emily,Martina,emartinady@photobucket.com,Female,255.37.0.122
504,Odessa,Begin,obegindz@time.com,Female,139.106.15.98
505,Mendie,Goodspeed,mgoodspeede0@spiegel.de,Male,213.180.185.194
506,Henrie,Scamadin,hscamadine1@buzzfeed.com,Female,231.201.41.8
507,Olin,Orteu,oorteue2@tumblr.com,Male,236.29.103.145
508,Kimberli,Fogg,kfogge3@epa.gov,Female,41.102.165.167
509,Ario,O'Deegan,aodeegane4@europa.eu,Male,53.134.185.168
510,Arnie,Morfey,amorfeye5@mozilla.org,Male,229.0.158.15
511,Daniel,Minillo,dminilloe6@sun.com,Male,97.24.100.202
512,Erinn,De Malchar,edemalchare7@mysql.com,Female,155.163.80.133
513,Marie,Gainsford,mgainsforde8@theglobeandmail.com,Female,210.231.46.101
514,Patty,Wyllie,pwylliee9@bloomberg.com,Male,205.49.189.92
515,Grant,Hughs,ghughsea@ca.gov,Male,218.45.29.151
516,Fitzgerald,Chaucer,fchaucereb@google.co.uk,Male,149.145.98.194
517,Nil,Kettlestring,nkettlestringec@cloudflare.com,Male,123.92.179.161
518,Florenza,Falco,ffalcoed@nsw.gov.au,Female,198.31.153.205
519,Davy,Hurnell,dhurnellee@hp.com,Male,7.166.87.184
520,Matteo,Kail,mkailef@wired.com,Male,216.232.221.123
521,Jackquelin,Ruecastle,jruecastleeg@networksolutions.com,Female,232.180.223.84
522,Joscelin,Lindup,jlindupeh@jugem.jp,Female,248.150.187.248
523,Tito,Tivnan,ttivnanei@g.co,Male,13.250.24.103
524,Sheffie,Prowse,sprowseej@paypal.com,Male,69.40.223.2
525,Corene,Duchesne,cduchesneek@ted.com,Female,34.224.80.146
526,Bell,Hessentaler,bhessentalerel@icq.com,Female,78.60.6.245
527,Raquel,Kosiada,rkosiadaem@wsj.com,Female,119.164.121.184
528,Lennie,Snarr,lsnarren@msu.edu,Male,17.253.175.174
529,Derk,Swanton,dswantoneo@psu.edu,Male,138.7.34.84
530,Alta,Tingle,atingleep@devhub.com,Female,14.44.173.172
531,Wilow,Cotman,wcotmaneq@sbwire.com,Female,68.231.1.127
532,Drugi,Darte,ddarteer@mashable.com,Male,3.17.190.21
533,Delano,Hankinson,dhankinsones@ebay.co.uk,Male,235.68.130.192
534,Gunner,Magson,gmagsonet@slashdot.org,Male,104.38.167.172
535,Seline,Gutierrez,sgutierrezeu@berkeley.edu,Female,55.214.63.75
536,Jerrie,Adrienne,jadrienneev@drupal.org,Male,18.180.191.221
537,Ashil,Grieswood,agrieswoodew@51.la,Female,42.86.90.35
538,Rebe,Burcombe,rburcombeex@princeton.edu,Female,108.28.183.4
539,Cristiano,Fearnside,cfearnsideey@angelfire.com,Male,55.116.111.215
540,Hillary,Bunten,hbuntenez@woothemes.com,Female,26.48.130.7
541,Hashim,Ludwell,hludwellf0@plala.or.jp,Male,59.237.126.153
542,Sheelah,Karus,skarusf1@cdbaby.com,Female,44.24.250.171
543,Corrine,Waller,cwallerf2@cnn.com,Female,3.165.111.8
544,Caressa,Caswill,ccaswillf3@csmonitor.com,Female,64.89.82.21
545,Fitzgerald,Torbett,ftorbettf4@nydailynews.com,Male,61.172.189.216
546,Salvador,Mallall,smallallf5@rakuten.co.jp,Male,39.109.123.180
547,Elliot,Mayman,emaymanf6@mayoclinic.com,Male,244.60.119.178
548,Emmalyn,Todari,etodarif7@google.com.hk,Female,77.81.95.149
549,Viole,MacGoun,vmacgounf8@shinystat.com,Female,218.146.180.155
550,Tab,Woodings,twoodingsf9@tuttocitta.it,Male,221.20.152.251
551,Inesita,Ianne,iiannefa@imageshack.us,Female,100.158.69.128
552,Melicent,Sivewright,msivewrightfb@google.nl,Female,196.78.3.169
553,Jeffy,Whitley,jwhitleyfc@skyrock.com,Male,149.103.250.196
554,Shanie,Jeanequin,sjeanequinfd@vk.com,Female,72.49.230.146
555,Noble,Caldow,ncaldowfe@ifeng.com,Male,133.121.100.111
556,Merwyn,Townend,mtownendff@dyndns.org,Male,70.24.138.142
557,Lisette,Worts,lwortsfg@oakley.com,Female,139.234.27.245
558,Theodore,Pavlovsky,tpavlovskyfh@wunderground.com,Male,94.52.69.12
559,Robby,Gavey,rgaveyfi@wikimedia.org,Male,88.155.237.153
560,Carina,Daens,cdaensfj@europa.eu,Female,162.86.100.87
561,Vail,Wraggs,vwraggsfk@who.int,Male,163.116.108.90
562,Nicholle,Berkely,nberkelyfl@youtube.com,Female,70.124.143.45
563,Hamilton,Sorsby,hsorsbyfm@slate.com,Male,183.141.158.254
564,Shani,Millions,smillionsfn@cdc.gov,Female,166.117.112.121
565,Carey,Divers,cdiversfo@dyndns.org,Male,182.239.16.245
566,Hamlin,Davidi,hdavidifp@amazon.de,Male,17.254.206.109
567,Taber,Ducham,tduchamfq@dailymail.co.uk,Male,253.71.221.201
568,Bord,Butner,bbutnerfr@nytimes.com,Male,2.103.32.50
569,Drew,Thoma,dthomafs@example.com,Male,33.236.4.185
570,Pearline,Bunstone,pbunstoneft@google.nl,Female,68.24.255.158
571,Carol-jean,Arnley,carnleyfu@yahoo.com,Female,63.65.228.177
572,Maribeth,Rakestraw,mrakestrawfv@twitter.com,Female,123.225.163.221
573,Raina,Rickell,rrickellfw@ucoz.ru,Female,72.216.161.239
574,Calli,Colthurst,ccolthurstfx@cornell.edu,Female,203.100.200.44
575,Ilene,Fairbrace,ifairbracefy@cnn.com,Female,138.168.5.108
576,Konstance,Woodhead,kwoodheadfz@xing.com,Female,47.243.144.210
577,Brittne,Epine,bepineg0@bbb.org,Female,151.143.137.133
578,Mag,Iddiens,middiensg1@wisc.edu,Female,32.166.62.64
579,Joane,Buye,jbuyeg2@wunderground.com,Female,213.147.110.230
580,Pall,Simanek,psimanekg3@narod.ru,Male,9.216.14.16
581,Jasper,McGooch,jmcgoochg4@yahoo.co.jp,Male,131.189.52.30
582,Carie,Moulding,cmouldingg5@illinois.edu,Female,235.134.239.25
583,Gabe,Boole,gbooleg6@loc.gov,Male,178.68.239.90
584,Moises,Basillon,mbasillong7@shareasale.com,Male,116.200.30.254
585,Arliene,Weight,aweightg8@acquirethisname.com,Female,239.171.20.52
586,Cristie,Laker,clakerg9@facebook.com,Female,134.243.122.48
587,Cristiano,Shawl,cshawlga@163.com,Male,226.55.98.58
588,Celestyn,Bussel,cbusselgb@google.com.hk,Female,107.83.68.194
589,Angelika,Madine,amadinegc@parallels.com,Female,64.243.83.90
590,Coraline,Cicero,ccicerogd@blogger.com,Female,54.153.187.130
591,Dorita,Pablo,dpabloge@com.com,Female,146.167.8.45
592,Tanitansy,Krauze,tkrauzegf@flickr.com,Female,212.85.225.130
593,Timmi,Alexis,talexisgg@alibaba.com,Female,245.99.36.48
594,Barnett,Lind,blindgh@google.nl,Male,254.17.36.220
595,Leesa,Cleen,lcleengi@cam.ac.uk,Female,250.248.254.212
596,Wilek,Eckart,weckartgj@facebook.com,Male,112.14.66.164
597,Wendel,Strongman,wstrongmangk@noaa.gov,Male,132.96.63.42
598,Errick,Sergeant,esergeantgl@forbes.com,Male,206.28.205.80
599,Bird,Mix,bmixgm@cbc.ca,Female,57.244.4.102
600,Lise,Ollerton,lollertongn@simplemachines.org,Female,115.241.36.140
601,Abigail,Jachimak,ajachimakgo@ca.gov,Female,233.245.21.12
602,Cicily,Wilcock,cwilcockgp@devhub.com,Female,178.229.176.203
603,Maible,Campany,mcampanygq@ocn.ne.jp,Female,215.47.113.60
604,Dag,Lindeman,dlindemangr@nih.gov,Male,81.253.233.187
605,Wendie,Thorn,wthorngs@theglobeandmail.com,Female,81.219.204.191
606,Sigismond,Prattin,sprattingt@uol.com.br,Male,81.39.100.195
607,Filbert,Pidgeon,fpidgeongu@time.com,Male,200.198.156.114
608,Kliment,Gunter,kguntergv@bluehost.com,Male,93.36.128.25
609,Ambrosi,Chappelle,achappellegw@usa.gov,Male,53.10.78.15
610,Zebulen,Critchell,zcritchellgx@issuu.com,Male,126.19.34.17
611,Jasmine,Parbrook,jparbrookgy@sphinn.com,Female,53.244.53.140
612,Vivienne,Schneidau,vschneidaugz@bloglines.com,Female,238.72.38.102
613,Phil,Niven,pnivenh0@wp.com,Female,72.106.114.49
614,Peggy,Archbald,parchbaldh1@cdc.gov,Female,201.189.49.108
615,Gannon,Millen,gmillenh2@blog.com,Male,131.90.181.182
616,Celinka,Ragot,cragoth3@photobucket.com,Female,215.212.19.231
617,Kaiser,Merrell,kmerrellh4@baidu.com,Male,58.143.201.96
618,Friederike,Flewett,fflewetth5@illinois.edu,Female,34.211.161.234
619,Kipp,O'Brallaghan,kobrallaghanh6@imgur.com,Male,222.110.91.63
620,Melanie,D'Ambrogio,mdambrogioh7@acquirethisname.com,Female,250.88.249.155
621,Dahlia,Boseley,dboseleyh8@un.org,Female,30.11.253.131
622,Ginelle,O'Donnell,godonnellh9@cnbc.com,Female,32.74.74.13
623,Thacher,Syversen,tsyversenha@virginia.edu,Male,162.51.181.15
624,Kenn,Pipes,kpipeshb@netlog.com,Male,28.188.87.12
625,Keelia,Filchakov,kfilchakovhc@bluehost.com,Female,121.248.118.143
626,Reinhold,Denny,rdennyhd@devhub.com,Male,65.80.233.6
627,Mary,Barritt,mbarritthe@biblegateway.com,Female,104.152.225.81
628,Bob,Willcox,bwillcoxhf@washingtonpost.com,Male,8.120.111.143
629,Frieda,Toe,ftoehg@w3.org,Female,50.185.65.68
630,Evey,Brabant,ebrabanthh@google.ru,Female,132.255.189.43
631,Dena,Riddell,driddellhi@tripadvisor.com,Female,138.38.160.191
632,Alverta,Dudgeon,adudgeonhj@salon.com,Female,178.228.49.239
633,Lanie,Hemshall,lhemshallhk@shareasale.com,Female,215.159.126.132
634,Kelcy,Pendergast,kpendergasthl@diigo.com,Female,53.167.26.234
635,Arlinda,Maudling,amaudlinghm@icio.us,Female,198.163.197.76
636,Nalani,Pionter,npionterhn@google.ca,Female,10.48.147.136
637,Grata,Shakespeare,gshakespeareho@unblog.fr,Female,222.130.45.86
638,Dalli,Guillerman,dguillermanhp@wiley.com,Male,80.106.246.170
639,Barrett,Loveitt,bloveitthq@sciencedaily.com,Male,50.210.34.200
640,Chucho,Kimmons,ckimmonshr@reference.com,Male,23.221.61.64
641,Amelie,Been,abeenhs@livejournal.com,Female,38.235.151.180
642,Roanna,Malmar,rmalmarht@amazon.co.uk,Female,41.253.173.111
643,Kaleena,Crockett,kcrocketthu@wordpress.com,Female,238.204.19.221
644,Adaline,Joburn,ajoburnhv@posterous.com,Female,62.60.33.191
645,Tedmund,Siggs,tsiggshw@cafepress.com,Male,31.26.99.169
646,Gareth,Sprott,gsprotthx@chicagotribune.com,Male,187.93.197.35
647,Delcine,Bibey,dbibeyhy@ucoz.ru,Female,5.1.98.188
648,Tamra,Brodeau,tbrodeauhz@china.com.cn,Female,208.70.39.48
649,Mathilda,Bernot,mbernoti0@icq.com,Female,157.117.47.126
650,Netta,Luffman,nluffmani1@spotify.com,Female,239.92.239.12
651,Kally,Ireson,kiresoni2@artisteer.com,Female,82.230.224.124
652,Gabi,Matanin,gmatanini3@cdc.gov,Female,149.255.144.86
653,Niall,Rubinshtein,nrubinshteini4@myspace.com,Male,98.37.154.147
654,Georg,Hawse,ghawsei5@topsy.com,Male,63.232.160.164
655,Elana,Meeland,emeelandi6@wisc.edu,Female,243.28.223.84
656,Berkly,Fozard,bfozardi7@netscape.com,Male,70.197.209.235
657,Carlyn,Oakton,coaktoni8@apple.com,Female,4.113.238.49
658,Matthias,Maplesden,mmaplesdeni9@ted.com,Male,151.179.103.204
659,Werner,Sherville,wshervilleia@fema.gov,Male,77.102.57.162
660,Fidela,Worral,fworralib@guardian.co.uk,Female,26.26.52.219
661,Nickolaus,Ulyatt,nulyattic@tumblr.com,Male,78.11.123.198
662,Prinz,Summerlie,psummerlieid@google.com.au,Male,135.210.255.250
663,Aylmar,Lanceley,alanceleyie@mtv.com,Male,199.81.231.176
664,Lanie,Serman,lsermanif@economist.com,Female,129.160.203.205
665,Devinne,Raubenheim,draubenheimig@imdb.com,Female,22.33.138.154
666,Sammie,Deehan,sdeehanih@discuz.net,Male,113.43.20.32
667,Tracee,Scocroft,tscocroftii@infoseek.co.jp,Female,70.104.247.156
668,Reed,Blemen,rblemenij@tuttocitta.it,Male,41.176.5.151
669,Evvie,Tonkes,etonkesik@stanford.edu,Female,82.200.167.37
670,Genevieve,Lymer,glymeril@weebly.com,Female,114.146.223.104
671,Westley,Corneille,wcorneilleim@infoseek.co.jp,Male,163.145.15.131
672,Anselma,Cess,acessin@hud.gov,Female,165.96.52.145
673,Dion,Lannon,dlannonio@oaic.gov.au,Male,242.145.22.12
674,Lilia,Burder,lburderip@senate.gov,Female,201.82.237.239
675,Doug,Grono,dgronoiq@histats.com,Male,227.245.80.246
676,Berti,Dayly,bdaylyir@japanpost.jp,Male,208.77.79.187
677,Mag,Pleaden,mpleadenis@harvard.edu,Female,78.56.238.114
678,Bevon,Formoy,bformoyit@1und1.de,Male,21.163.61.66
679,Maddie,Esler,mesleriu@infoseek.co.jp,Female,5.59.235.101
680,Pattie,Duncanson,pduncansoniv@acquirethisname.com,Male,36.144.178.102
681,Ware,Koomar,wkoomariw@psu.edu,Male,11.79.243.29
682,Cordie,Tidmas,ctidmasix@slate.com,Male,38.150.4.154
683,Sutton,Bellino,sbellinoiy@omniture.com,Male,62.150.161.226
684,Neville,Gribben,ngribbeniz@imdb.com,Male,123.103.146.81
685,Dolorita,Mollnar,dmollnarj0@army.mil,Female,243.16.136.185
686,Haley,Harridge,hharridgej1@cnbc.com,Female,28.232.27.139
687,Merrielle,Gong,mgongj2@tripod.com,Female,99.186.106.201
688,Delmar,Jakoviljevic,djakoviljevicj3@house.gov,Male,9.5.240.215
689,Orelle,Biggar,obiggarj4@columbia.edu,Female,79.174.41.196
690,Adaline,Extil,aextilj5@oakley.com,Female,63.173.213.16
691,Tarah,Stango,tstangoj6@slideshare.net,Female,193.157.182.111
692,Karlis,Ledward,kledwardj7@ucoz.com,Male,60.190.61.32
693,Bessy,Kinglesyd,bkinglesydj8@si.edu,Female,43.219.180.11
694,Jaquelyn,Esberger,jesbergerj9@ameblo.jp,Female,195.97.200.47
695,Karry,Terrans,kterransja@walmart.com,Female,63.253.244.30
696,Ilene,Truran,itruranjb@rediff.com,Female,209.110.44.162
697,Star,Peschke,speschkejc@parallels.com,Female,57.2.14.30
698,Doralia,Petrovsky,dpetrovskyjd@last.fm,Female,141.217.28.202
699,Farand,Fishbourne,ffishbourneje@github.io,Female,43.172.62.137
700,Obie,Nealy,onealyjf@csmonitor.com,Male,165.160.233.141
701,Auberta,Sollam,asollamjg@pagesperso-orange.fr,Female,241.6.80.190
702,Gabe,Phippard,gphippardjh@yolasite.com,Male,226.20.250.161
703,Ertha,Kelleway,ekellewayji@google.co.jp,Female,24.252.16.117
704,Letizia,Copestake,lcopestakejj@hao123.com,Female,254.217.53.183
705,Boyce,Mattke,bmattkejk@craigslist.org,Male,4.220.97.25
706,Hyacinth,Corrison,hcorrisonjl@multiply.com,Female,176.122.198.48
707,Renaldo,Fetherstone,rfetherstonejm@ehow.com,Male,219.133.147.157
708,Roda,Mathison,rmathisonjn@hubpages.com,Female,38.63.246.155
709,Hurlee,Ambrosetti,hambrosettijo@unesco.org,Male,211.179.121.220
710,Steve,Kilgallon,skilgallonjp@boston.com,Male,219.103.159.78
711,Rees,Kennett,rkennettjq@netlog.com,Male,71.95.236.244
712,Vic,Blaxill,vblaxilljr@ustream.tv,Male,10.175.51.223
713,Gorden,Tollerton,gtollertonjs@utexas.edu,Male,183.182.176.157
714,Sandi,Grigaut,sgrigautjt@howstuffworks.com,Female,49.215.130.178
715,Selena,McElory,smceloryju@xing.com,Female,116.228.39.121
716,Dode,Rykert,drykertjv@livejournal.com,Female,29.72.29.141
717,Kristofer,Kyrkeman,kkyrkemanjw@theguardian.com,Male,3.53.161.251
718,Terrel,Hardson,thardsonjx@sciencedirect.com,Male,247.102.136.183
719,Gilemette,Jannaway,gjannawayjy@merriam-webster.com,Female,112.54.44.62
720,Jakie,Coners,jconersjz@mapquest.com,Male,62.71.216.102
721,Alberto,Waiting,awaitingk0@quantcast.com,Male,86.115.51.210
722,Adrien,Brastead,abrasteadk1@csmonitor.com,Male,187.222.85.84
723,Ceciley,Bowcock,cbowcockk2@umich.edu,Female,218.4.114.46
724,Fletch,Tradewell,ftradewellk3@wiley.com,Male,133.178.207.126
725,Val,Dell 'Orto,vdellortok4@skype.com,Male,54.88.50.214
726,Sherrie,Haskins,shaskinsk5@utexas.edu,Female,211.248.31.67
727,Trina,Attenbrow,tattenbrowk6@washington.edu,Female,248.21.127.39
728,Ysabel,Minghella,yminghellak7@webeden.co.uk,Female,192.109.169.125
729,Hunfredo,Finlaison,hfinlaisonk8@marriott.com,Male,122.7.113.228
730,Kesley,Fenning,kfenningk9@ovh.net,Female,69.132.16.107
731,Winslow,Cromblehome,wcromblehomeka@prnewswire.com,Male,204.211.71.141
732,Davey,Harbord,dharbordkb@webeden.co.uk,Male,161.242.25.135
733,Mignonne,Hartzenberg,mhartzenbergkc@dyndns.org,Female,61.215.91.17
734,Shela,Wymer,swymerkd@free.fr,Female,60.137.222.113
735,Jane,Dugall,jdugallke@canalblog.com,Female,73.113.114.142
736,Michaella,Gibbard,mgibbardkf@arizona.edu,Female,176.17.45.110
737,Suzi,Leversha,slevershakg@huffingtonpost.com,Female,220.227.1.185
738,Cecelia,Turn,cturnkh@hatena.ne.jp,Female,86.169.92.38
739,Anthony,Willavize,awillavizeki@mozilla.org,Male,91.89.178.123
740,Delmore,Knyvett,dknyvettkj@newyorker.com,Male,102.172.228.154
741,Paolina,Starsmeare,pstarsmearekk@netlog.com,Female,220.49.135.202
742,Valida,Grealish,vgrealishkl@sitemeter.com,Female,81.200.82.171
743,Shelby,Schapiro,sschapirokm@over-blog.com,Male,111.218.140.221
744,Silvan,St Leger,sstlegerkn@weebly.com,Male,230.24.29.191
745,Garwin,Carle,gcarleko@ustream.tv,Male,206.226.218.89
746,Moria,Toomer,mtoomerkp@shutterfly.com,Female,232.13.51.61
747,Molli,Duxbury,mduxburykq@google.de,Female,116.182.190.89
748,Sidonnie,Grass,sgrasskr@bloomberg.com,Female,46.238.20.82
749,Nobe,Rosenbarg,nrosenbargks@netvibes.com,Male,180.20.10.50
750,Devinne,Goshawk,dgoshawkkt@hc360.com,Female,133.116.103.239
751,Alexandre,Munt,amuntku@unblog.fr,Male,247.198.239.39
752,Wye,Branchet,wbranchetkv@mtv.com,Male,83.164.169.124
753,Hallie,Ramsbottom,hramsbottomkw@china.com.cn,Female,112.115.69.132
754,Beatrix,Scaysbrook,bscaysbrookkx@is.gd,Female,129.107.144.138
755,Trisha,Makinson,tmakinsonky@360.cn,Female,43.148.0.253
756,Tam,Arkle,tarklekz@mail.ru,Male,57.240.168.91
757,Katee,Mattock,kmattockl0@google.nl,Female,116.179.181.107
758,Hale,Bestwick,hbestwickl1@biglobe.ne.jp,Male,117.175.176.209
759,Elliott,Preshous,epreshousl2@berkeley.edu,Male,12.182.11.154
760,Irena,Pozzo,ipozzol3@noaa.gov,Female,171.11.57.93
761,Dorthy,Kleynen,dkleynenl4@1688.com,Female,49.198.10.209
762,Herrick,Greetland,hgreetlandl5@4shared.com,Male,191.220.122.162
763,Fleur,Camis,fcamisl6@geocities.jp,Female,141.143.231.190
764,Eadith,Goodyer,egoodyerl7@multiply.com,Female,68.173.135.97
765,Mead,Marke,mmarkel8@wordpress.org,Female,149.41.53.15
766,Dina,Gomar,dgomarl9@meetup.com,Female,215.216.215.105
767,Waylan,Pottle,wpottlela@newsvine.com,Male,53.241.80.82
768,Fitzgerald,Turmall,fturmalllb@answers.com,Male,137.214.21.34
769,Balduin,Pheasey,bpheaseylc@sogou.com,Male,151.236.157.121
770,Jamill,De Lascy,jdelascyld@simplemachines.org,Male,240.93.136.6
771,Lek,Gilham,lgilhamle@naver.com,Male,190.235.247.26
772,Erica,Linay,elinaylf@ucoz.com,Female,24.113.48.102
773,Guglielma,Baudinet,gbaudinetlg@skyrock.com,Female,213.253.253.163
774,Sayers,Dimock,sdimocklh@dot.gov,Male,187.119.34.170
775,Emmy,Frodsam,efrodsamli@mozilla.com,Male,195.47.192.163
776,Codie,Garralts,cgarraltslj@dmoz.org,Female,219.89.5.207
777,Solomon,Dallman,sdallmanlk@bloglines.com,Male,34.22.137.33
778,Ninon,Razoux,nrazouxll@meetup.com,Female,13.33.189.54
779,Parsifal,Fardell,pfardelllm@imdb.com,Male,180.147.113.122
780,Kilian,Sawtell,ksawtellln@cbc.ca,Male,228.125.208.180
781,Dal,Posten,dpostenlo@parallels.com,Male,34.249.180.253
782,Saxon,Ellacott,sellacottlp@craigslist.org,Male,225.168.135.200
783,Chere,Sondland,csondlandlq@ycombinator.com,Female,169.15.83.63
784,Kilian,Sprake,ksprakelr@statcounter.com,Male,93.159.27.53
785,Maurine,Pryde,mprydels@sun.com,Female,26.54.99.176
786,Maryanna,Hills,mhillslt@tmall.com,Female,167.182.206.232
787,Freedman,Portingale,fportingalelu@usda.gov,Male,61.31.115.218
788,Caren,Benfell,cbenfelllv@buzzfeed.com,Female,20.227.156.165
789,Albina,Fernely,afernelylw@barnesandnoble.com,Female,222.1.136.129
790,Basilius,Tyrer,btyrerlx@moonfruit.com,Male,166.126.213.51
791,Jeannie,Yuryev,jyuryevly@lycos.com,Female,139.71.211.133
792,Mayor,Pee,mpeelz@jalbum.net,Male,86.217.74.133
793,Rodrique,O'Sherin,rosherinm0@yolasite.com,Male,135.106.253.17
794,Rhetta,Silbert,rsilbertm1@moonfruit.com,Female,78.8.120.145
795,Haleigh,Hedley,hhedleym2@kickstarter.com,Male,146.49.79.248
796,Levi,Crucetti,lcrucettim3@oracle.com,Male,208.216.38.180
797,Langsdon,Carmichael,lcarmichaelm4@reuters.com,Male,168.29.101.238
798,Grissel,Cheyney,gcheyneym5@dion.ne.jp,Female,76.77.109.184
799,Pincus,Firks,pfirksm6@alibaba.com,Male,126.189.199.144
800,Matteo,Butt Gow,mbuttgowm7@theguardian.com,Male,76.101.66.44
801,Brunhilda,Spivey,bspiveym8@tumblr.com,Female,179.73.52.92
802,Clemmy,Canet,ccanetm9@unblog.fr,Female,4.218.181.201
803,Simmonds,Pougher,spougherma@quantcast.com,Male,5.144.30.16
804,Roseann,Osban,rosbanmb@usgs.gov,Female,231.108.137.237
805,Natka,Battill,nbattillmc@surveymonkey.com,Female,73.162.223.204
806,Murry,Gartside,mgartsidemd@gov.uk,Male,10.150.105.164
807,Aloysius,Hallahan,ahallahanme@bravesites.com,Male,192.94.1.77
808,Wilfrid,Avrashin,wavrashinmf@reuters.com,Male,123.238.55.22
809,Jody,Samter,jsamtermg@1688.com,Male,147.73.187.16
810,Currey,Castano,ccastanomh@pagesperso-orange.fr,Male,29.113.225.193
811,Gaston,Hedde,gheddemi@google.es,Male,16.45.62.56
812,Jeffie,Alger,jalgermj@buzzfeed.com,Male,34.115.75.103
813,Conn,Worrell,cworrellmk@accuweather.com,Male,15.43.105.118
814,Karoly,Belward,kbelwardml@w3.org,Female,174.67.197.210
815,Karmen,Garnsworth,kgarnsworthmm@cbc.ca,Female,120.122.199.191
816,Lizabeth,Juhruke,ljuhrukemn@ovh.net,Female,236.0.202.36
817,Trstram,Brandassi,tbrandassimo@newyorker.com,Male,102.53.235.8
818,Dunstan,Savell,dsavellmp@who.int,Male,250.193.134.108
819,Gertruda,Scarce,gscarcemq@rambler.ru,Female,92.161.25.120
820,Livia,MacNab,lmacnabmr@qq.com,Female,86.185.137.150
821,Wilton,Le Leu,wleleums@spiegel.de,Male,181.251.209.56
822,Hunfredo,Maylard,hmaylardmt@sphinn.com,Male,68.106.147.136
823,Robby,Curtoys,rcurtoysmu@pagesperso-orange.fr,Male,135.5.117.144
824,Gabi,Inglefield,ginglefieldmv@mozilla.com,Male,3.44.207.30
825,Helga,Burnapp,hburnappmw@bbc.co.uk,Female,104.99.187.225
826,Mufinella,Ives,mivesmx@blogtalkradio.com,Female,29.109.91.80
827,Salim,Woollons,swoollonsmy@i2i.jp,Male,117.201.104.17
828,Sylas,Maryska,smaryskamz@prweb.com,Male,110.193.231.81
829,Joel,Leah,jleahn0@privacy.gov.au,Male,186.244.97.202
830,Adam,McCaskell,amccaskelln1@dmoz.org,Male,252.115.39.95
831,Holden,Farmer,hfarmern2@webmd.com,Male,153.166.155.135
832,Tessie,Haynesford,thaynesfordn3@house.gov,Female,43.18.200.159
833,Chloe,Le Fevre,clefevren4@mayoclinic.com,Female,185.172.76.44
834,Aluin,Jeanesson,ajeanessonn5@harvard.edu,Male,219.78.122.160
835,Helga,Houldcroft,hhouldcroftn6@bandcamp.com,Female,47.249.155.247
836,Mar,Sperski,msperskin7@salon.com,Male,94.35.118.187
837,Gusta,Ricardon,gricardonn8@tamu.edu,Female,28.18.100.140
838,Wilhelm,McWhannel,wmcwhanneln9@nih.gov,Male,68.110.203.219
839,Dela,Graver,dgraverna@desdev.cn,Female,75.179.124.8
840,Perl,Dimitriou,pdimitriounb@opensource.org,Female,254.196.178.1
841,Ysabel,Glanister,yglanisternc@redcross.org,Female,66.11.51.53
842,Shawnee,Guitonneau,sguitonneaund@reverbnation.com,Female,151.250.200.117
843,Vasily,Gherardini,vgherardinine@51.la,Male,123.197.214.214
844,Carlota,Vigars,cvigarsnf@meetup.com,Female,181.165.62.31
845,Austin,Hurlin,ahurlinng@google.co.uk,Male,160.168.184.174
846,Floyd,Shipp,fshippnh@epa.gov,Male,144.6.201.244
847,Alfie,Geikie,ageikieni@fda.gov,Male,239.107.116.30
848,Hamil,Evert,hevertnj@meetup.com,Male,180.171.158.235
849,Dena,Ceschini,dceschinink@sakura.ne.jp,Female,12.165.243.38
850,Ruprecht,Harbisher,rharbishernl@engadget.com,Male,38.174.46.189
851,Lina,Zanuciolii,lzanucioliinm@youku.com,Female,167.26.223.174
852,Quentin,Gorch,qgorchnn@oaic.gov.au,Female,208.192.57.241
853,Tait,Groundwater,tgroundwaterno@sfgate.com,Male,210.194.76.6
854,Genvieve,Brandrick,gbrandricknp@gravatar.com,Female,175.28.150.23
855,Reinhard,Lotte,rlottenq@sakura.ne.jp,Male,60.141.196.18
856,Alexandr,Billam,abillamnr@paginegialle.it,Male,230.21.75.219
857,Lorna,McAless,lmcalessns@mlb.com,Female,148.255.41.184
858,Dean,Elegood,delegoodnt@omniture.com,Male,205.50.200.181
859,Vincenz,Norfolk,vnorfolknu@examiner.com,Male,45.164.155.108
860,Marjie,Kermitt,mkermittnv@meetup.com,Female,118.123.194.163
861,Raina,Stower,rstowernw@wufoo.com,Female,130.122.175.207
862,Clayton,Simison,csimisonnx@ehow.com,Male,65.82.33.119
863,Haskell,Hamelyn,hhamelynny@usda.gov,Male,62.176.126.224
864,Pia,Judkin,pjudkinnz@yellowbook.com,Female,69.142.32.199
865,Cornie,Rodell,crodello0@sphinn.com,Female,81.222.37.139
866,Meridel,Nehl,mnehlo1@woothemes.com,Female,249.253.255.48
867,Tyrus,Hubatsch,thubatscho2@angelfire.com,Male,99.231.243.241
868,Brittney,Sunners,bsunnerso3@nymag.com,Female,164.242.102.164
869,Esteban,Doniso,edonisoo4@feedburner.com,Male,158.89.155.164
870,Abigail,Kordova,akordovao5@cbc.ca,Female,18.143.117.7
871,Maryrose,Eglin,meglino6@cocolog-nifty.com,Female,1.151.104.155
872,Koenraad,Hedgeman,khedgemano7@deviantart.com,Male,207.74.187.72
873,Hieronymus,De Bruin,hdebruino8@earthlink.net,Male,17.34.176.219
874,Quint,Sendall,qsendallo9@dot.gov,Male,231.17.146.206
875,Bernardo,Gaskoin,bgaskoinoa@squidoo.com,Male,139.36.46.7
876,Richmond,Bagge,rbaggeob@livejournal.com,Male,225.84.162.10
877,Felice,Simonnot,fsimonnotoc@xrea.com,Male,30.92.227.204
878,Emmet,Terese,etereseod@weibo.com,Male,160.88.115.10
879,Edik,Schiementz,eschiementzoe@nationalgeographic.com,Male,254.14.86.254
880,Cherilyn,Nice,cniceof@cyberchimps.com,Female,24.57.37.107
881,Nickolas,Sallans,nsallansog@mlb.com,Male,245.144.112.44
882,Andrus,Bristowe,abristoweoh@wufoo.com,Male,41.156.14.82
883,Robbie,Rase,rraseoi@uiuc.edu,Female,240.99.14.182
884,Karissa,Wallington,kwallingtonoj@sfgate.com,Female,113.218.214.152
885,Ransell,Pulley,rpulleyok@wikia.com,Male,123.77.85.225
886,Codi,Abrahamian,cabrahamianol@time.com,Female,71.53.253.237
887,Xymenes,Adame,xadameom@w3.org,Male,210.32.137.116
888,Florella,Gatherell,fgatherellon@surveymonkey.com,Female,7.187.24.47
889,Catlaina,Chene,ccheneoo@tinypic.com,Female,111.127.100.87
890,Annnora,Seson,asesonop@tmall.com,Female,40.48.93.130
891,Ainslee,Lamblot,alamblotoq@google.com.au,Female,228.129.78.198
892,Ad,Klas,aklasor@virginia.edu,Male,29.131.202.160
893,Dion,Tchir,dtchiros@shutterfly.com,Female,158.16.94.125
894,Felic,MacCawley,fmaccawleyot@spotify.com,Male,177.190.109.174
895,Fulvia,Chisnell,fchisnellou@patch.com,Female,62.15.33.60
896,Dinnie,Danielczyk,ddanielczykov@miitbeian.gov.cn,Female,144.214.239.162
897,Guendolen,Macon,gmaconow@earthlink.net,Female,0.88.94.159
898,Rycca,Frankiss,rfrankissox@csmonitor.com,Female,223.152.197.51
899,Padraic,McGilvra,pmcgilvraoy@topsy.com,Male,182.83.19.242
900,Ferdinand,Mably,fmablyoz@cafepress.com,Male,144.145.2.122
901,Hersch,Pybworth,hpybworthp0@samsung.com,Male,181.255.98.56
902,Erskine,Lias,eliasp1@aol.com,Male,24.90.24.120
903,Burg,Cadogan,bcadoganp2@yahoo.co.jp,Male,165.82.205.157
904,Sven,Lyne,slynep3@hubpages.com,Male,166.30.207.217
905,Cullen,Tabner,ctabnerp4@google.fr,Male,253.45.112.195
906,Fae,Whitesel,fwhiteselp5@spotify.com,Female,86.240.39.30
907,Conroy,Swinley,cswinleyp6@google.it,Male,255.254.216.154
908,Holden,Garrettson,hgarrettsonp7@rambler.ru,Male,52.189.48.5
909,Jenica,Ryburn,jryburnp8@typepad.com,Female,144.246.145.169
910,Saw,Janney,sjanneyp9@mozilla.org,Male,128.75.70.11
911,Eadmund,Spleving,esplevingpa@npr.org,Male,62.120.206.238
912,Taddeusz,Mullord,tmullordpb@last.fm,Male,188.50.134.71
913,Berrie,Tiffin,btiffinpc@nps.gov,Female,236.3.103.168
914,Marina,MacVaugh,mmacvaughpd@google.co.uk,Female,43.196.70.177
915,Ches,Kingescot,ckingescotpe@slashdot.org,Male,15.57.151.85
916,Leta,Freathy,lfreathypf@imgur.com,Female,142.224.70.157
917,Tova,Kirstein,tkirsteinpg@cyberchimps.com,Female,244.53.21.28
918,Zuzana,Thorby,zthorbyph@ca.gov,Female,182.82.14.175
919,Caye,Bilverstone,cbilverstonepi@hibu.com,Female,203.146.145.34
920,Tait,Behr,tbehrpj@vk.com,Male,197.139.6.132
921,Marcos,Lowe,mlowepk@hugedomains.com,Male,47.249.44.158
922,Dorthy,Antonowicz,dantonowiczpl@eventbrite.com,Female,198.166.22.219
923,Carlina,Hairesnape,chairesnapepm@homestead.com,Female,180.43.174.125
924,Arabel,Cleaver,acleaverpn@mtv.com,Female,214.196.40.35
925,Peyter,Cutmere,pcutmerepo@lycos.com,Male,145.108.251.206
926,Moira,Calderbank,mcalderbankpp@sourceforge.net,Female,252.234.80.217
927,Laird,Perrin,lperrinpq@berkeley.edu,Male,112.155.157.178
928,Dannel,Dunley,ddunleypr@nymag.com,Male,19.38.96.90
929,Alexio,Brody,abrodyps@toplist.cz,Male,241.124.48.116
930,Laurence,Groveham,lgrovehampt@php.net,Male,98.63.144.197
931,Wendye,Jane,wjanepu@clickbank.net,Female,8.32.23.155
932,Dianna,Loughney,dloughneypv@ibm.com,Female,176.247.198.188
933,Marion,Newlands,mnewlandspw@google.nl,Female,251.183.57.227
934,Erena,Tubble,etubblepx@aol.com,Female,196.238.218.201
935,Charley,Joriot,cjoriotpy@flickr.com,Male,131.225.102.245
936,Savina,Peasey,speaseypz@odnoklassniki.ru,Female,217.239.95.136
937,Alissa,Davidovic,adavidovicq0@godaddy.com,Female,249.177.56.211
938,Rubina,Astlatt,rastlattq1@altervista.org,Female,249.67.157.147
939,Leila,Moohan,lmoohanq2@paginegialle.it,Female,40.6.172.2
940,Vida,Ryall,vryallq3@ftc.gov,Female,159.98.47.41
941,Rudd,Osipov,rosipovq4@virginia.edu,Male,0.198.158.95
942,Ximenes,Solland,xsollandq5@house.gov,Male,8.36.75.208
943,Walsh,Duffell,wduffellq6@loc.gov,Male,130.4.148.186
944,Teddy,Hebard,thebardq7@unicef.org,Male,71.129.196.157
945,Willa,Naismith,wnaismithq8@omniture.com,Female,37.60.221.24
946,Caesar,Willstrop,cwillstropq9@huffingtonpost.com,Male,1.234.81.189
947,Biddy,Pizzie,bpizzieqa@irs.gov,Female,204.198.226.81
948,Linus,Ondrasek,londrasekqb@reddit.com,Male,203.171.248.251
949,Jillene,Bockings,jbockingsqc@jigsy.com,Female,31.111.32.232
950,Claudell,Duerden,cduerdenqd@howstuffworks.com,Male,223.132.33.21
951,Gwen,Hastwell,ghastwellqe@csmonitor.com,Female,61.67.20.229
952,Aguistin,Georghiou,ageorghiouqf@blinklist.com,Male,179.43.164.185
953,Rudolfo,Loalday,rloaldayqg@typepad.com,Male,44.44.132.214
954,Loise,Goady,lgoadyqh@cdc.gov,Female,173.113.149.236
955,Yancy,Gretton,ygrettonqi@nhs.uk,Male,19.98.129.88
956,Agathe,Cartin,acartinqj@icq.com,Female,62.194.233.144
957,Tuckie,Dootson,tdootsonqk@forbes.com,Male,185.126.221.110
958,Isidro,Ickovic,iickovicql@odnoklassniki.ru,Male,152.155.24.146
959,Heddi,Terney,hterneyqm@ox.ac.uk,Female,247.235.31.250
960,Homere,Bamber,hbamberqn@comcast.net,Male,83.2.50.219
961,Drucie,Awmack,dawmackqo@chicagotribune.com,Female,75.46.192.206
962,Lou,Tunbridge,ltunbridgeqp@flavors.me,Male,152.22.73.95
963,Desi,Hakey,dhakeyqq@deliciousdays.com,Male,4.112.142.46
964,Leslie,MacCafferky,lmaccafferkyqr@sciencedirect.com,Male,115.252.179.212
965,Hanan,Lincoln,hlincolnqs@angelfire.com,Male,64.91.32.126
966,Chadd,Blasio,cblasioqt@youku.com,Male,233.194.25.206
967,Anastasia,Scowen,ascowenqu@census.gov,Female,203.228.201.242
968,Lyndsey,Artingstall,lartingstallqv@lycos.com,Female,217.253.201.67
969,Trixie,Ciccottini,tciccottiniqw@economist.com,Female,235.162.100.194
970,Goldy,Millson,gmillsonqx@google.cn,Female,156.31.14.233
971,Joy,Duigan,jduiganqy@hubpages.com,Female,67.127.129.139
972,Dido,Andriulis,dandriulisqz@npr.org,Female,191.185.136.190
973,Abigale,Mayho,amayhor0@netvibes.com,Female,41.242.160.206
974,Nariko,Cramond,ncramondr1@globo.com,Female,89.29.112.45
975,Mackenzie,Stockau,mstockaur2@webmd.com,Male,151.190.42.56
976,Jolyn,Sherman,jshermanr3@amazon.co.jp,Female,110.78.188.3
977,Ike,Mynett,imynettr4@nymag.com,Male,71.45.235.137
978,Ollie,Baynham,obaynhamr5@last.fm,Male,209.235.115.180
979,Dalli,Livesey,dliveseyr6@youku.com,Male,100.158.86.105
980,Caralie,Kinnier,ckinnierr7@dmoz.org,Female,43.51.89.218
981,Ive,Collihole,icolliholer8@stumbleupon.com,Male,228.227.86.90
982,Donnell,Dohmann,ddohmannr9@cargocollective.com,Male,65.112.33.143
983,Johnny,Mascall,jmascallra@mozilla.org,Male,73.215.91.137
984,Ina,Connors,iconnorsrb@ca.gov,Female,198.97.143.189
985,Zea,Suatt,zsuattrc@uol.com.br,Female,175.233.102.203
986,Madlen,Darch,mdarchrd@g.co,Female,88.140.149.223
987,Cullin,Crighton,ccrightonre@google.co.uk,Male,112.23.123.222
988,Fleurette,Radoux,fradouxrf@indiatimes.com,Female,155.83.10.160
989,Orson,Philippault,ophilippaultrg@free.fr,Male,152.97.9.123
990,Anastasia,Headly,aheadlyrh@marketwatch.com,Female,80.129.41.160
991,Nate,Cubitt,ncubittri@bbb.org,Male,247.222.197.107
992,Helga,Yakubovich,hyakubovichrj@webs.com,Female,104.19.248.131
993,Trina,Yacobsohn,tyacobsohnrk@adobe.com,Female,140.204.11.43
994,Rafe,Herety,rheretyrl@ycombinator.com,Male,246.243.88.156
995,Dacie,Bruun,dbruunrm@ihg.com,Female,24.209.182.60
996,Shina,Aubri,saubrirn@xing.com,Female,57.152.92.184
997,Godiva,Denyukin,gdenyukinro@wordpress.org,Female,132.171.215.186
998,Ring,Tunuy,rtunuyrp@chicagotribune.com,Male,124.219.202.139
999,Jorge,Briscam,jbriscamrq@goo.ne.jp,Male,183.187.222.114
1000,Viviana,Russan,vrussanrr@samsung.com,Female,66.21.234.88
