id,first_name,last_name,email,gender,ip_address
1,Haywood,Stalf,hstalf0@storify.com,Male,110.218.161.138
6,Amos,Dalley,adalley5@feedburner.com,Male,169.23.131.186
7,Rowen,Rust,rrust6@usnews.com,Male,227.157.109.17
8,Gerri,Celle,gcelle7@linkedin.com,Male,217.65.177.214
10,Rinaldo,Jude,rjude9@blogspot.com,Male,87.132.57.191
11,Rodolph,Klink,rklinka@mit.edu,Male,199.58.170.97
13,Ody,Karchowski,okarchowskic@biblegateway.com,Male,108.155.229.31
14,Donny,Ingold,dingoldd@uiuc.edu,Male,198.129.223.107
17,Cosmo,Gauch,cgauchg@cdbaby.com,Male,81.188.83.35
18,Hoebart,Hall-Gough,hhallgoughh@independent.co.uk,Male,164.226.233.223
22,Richard,Merriday,rmerridayl@admin.ch,Male,255.4.158.229
23,Asa,Lazer,alazerm@ucoz.com,Male,73.25.185.50
25,Stefan,Roskruge,sroskrugeo@accuweather.com,Male,36.76.85.167
26,Xever,Rycraft,xrycraftp@myspace.com,Male,55.208.94.206
28,Hersch,Stook,hstookr@mozilla.com,Male,126.229.130.242
29,Brigham,Mayne,bmaynes@cisco.com,Male,112.125.141.197
31,Kipp,Brayson,kbraysonu@shop-pro.jp,Male,221.56.187.58
34,Griz,Bracken,gbrackenx@twitpic.com,Male,138.162.25.138
35,Hobey,Arden,hardeny@gnu.org,Male,233.41.168.148
37,Moss,Eyden,meyden10@mail.ru,Male,88.134.141.25
38,Webster,Greenslade,wgreenslade11@4shared.com,Male,74.178.117.118
40,Ryon,Dunstan,rdunstan13@shop-pro.jp,Male,115.233.4.202
45,Clemmie,Sherwin,csherwin18@squarespace.com,Male,133.224.113.77
47,Raynard,Shillington,rshillington1a@topsy.com,Male,156.191.204.238
48,Alexander,Tatterton,atatterton1b@etsy.com,Male,148.19.116.250
49,Conney,McCreagh,cmccreagh1c@example.com,Male,247.76.133.214
50,Sherwood,Read,sread1d@nationalgeographic.com,Male,22.177.112.6
51,Cleve,Pimley,cpimley1e@abc.net.au,Male,116.173.219.166
52,Rollins,Summerbell,rsummerbell1f@wikimedia.org,Male,228.81.251.252
53,Cyrille,Toffetto,ctoffetto1g@house.gov,Male,239.193.108.13
59,Gary,Hamner,ghamner1m@usgs.gov,Male,50.87.177.86
61,Urson,Brimman,ubrimman1o@webmd.com,Male,137.116.97.240
63,Kurt,Serjent,kserjent1q@cnbc.com,Male,167.24.98.12
64,Baxter,Fley,bfley1r@elpais.com,Male,7.160.97.93
65,Fran,Le Frank,flefrank1s@salon.com,Male,107.99.212.214
66,Urbain,Scare,uscare1t@psu.edu,Male,196.191.70.175
67,Bryanty,Vedekhov,bvedekhov1u@linkedin.com,Male,77.168.14.54
68,Ody,Kinch,okinch1v@a8.net,Male,130.98.240.167
70,Heriberto,Wiltshear,hwiltshear1x@cnn.com,Male,166.70.200.92
72,Redd,Blezard,rblezard1z@eepurl.com,Male,117.124.162.136
73,Renato,Kevern,rkevern20@home.pl,Male,126.232.57.137
76,Griffin,Dix,gdix23@tripod.com,Male,63.213.113.170
79,Washington,Bole,wbole26@printfriendly.com,Male,158.80.146.54
81,Thomas,Crabtree,tcrabtree28@ft.com,Male,48.103.172.122
83,Arel,Finlater,afinlater2a@sogou.com,Male,163.93.148.179
84,Alonso,Hardaway,ahardaway2b@globo.com,Male,157.49.189.84
85,Silvain,Boles,sboles2c@cloudflare.com,Male,207.160.71.209
87,Mord,Lenox,mlenox2e@toplist.cz,Male,246.115.215.133
90,Town,Edmand,tedmand2h@cnet.com,Male,78.177.223.63
93,Jarvis,Gossipin,jgossipin2k@eepurl.com,Male,219.76.42.207
94,Geoff,Creebo,gcreebo2l@jimdo.com,Male,4.88.230.168
95,Ellsworth,Warbey,ewarbey2m@freewebs.com,Male,22.78.47.149
96,Teodoro,Cherm,tcherm2n@photobucket.com,Male,237.188.246.202
99,Joshia,McGaughay,jmcgaughay2q@wix.com,Male,182.212.17.152
100,Arney,Ramsbottom,aramsbottom2r@aboutads.info,Male,246.173.175.211
106,Ingmar,Yurygyn,iyurygyn2x@cnet.com,Male,243.255.135.149
110,Colver,Eeles,ceeles31@skype.com,Male,35.92.119.87
111,Reggie,Bourthoumieux,rbourthoumieux32@liveinternet.ru,Male,2.194.228.81
113,Brandtr,Vasilchikov,bvasilchikov34@parallels.com,Male,79.110.25.39
115,Luca,McPherson,lmcpherson36@cisco.com,Male,15.57.225.0
116,Stillman,Francescotti,sfrancescotti37@usnews.com,Male,83.24.112.36
119,Vick,Norssister,vnorssister3a@census.gov,Male,101.117.185.192
122,Frants,Brisset,fbrisset3d@jiathis.com,Male,29.66.82.25
124,Staffard,Farrin,sfarrin3f@360.cn,Male,107.196.50.176
125,Holmes,Griffiths,hgriffiths3g@java.com,Male,245.227.248.240
127,Bobby,Dekeyser,bdekeyser3i@slate.com,Male,7.69.210.229
130,Elsworth,Udale,eudale3l@ibm.com,Male,158.222.227.173
132,Gage,Petticrew,gpetticrew3n@spiegel.de,Male,116.75.216.213
133,Etienne,Cawte,ecawte3o@utexas.edu,Male,230.120.120.113
136,Lazarus,Dommersen,ldommersen3r@berkeley.edu,Male,32.147.241.98
138,Perceval,Mcwhinney,pmcwhinney3t@noaa.gov,Male,247.165.132.7
139,Trenton,Cosin,tcosin3u@amazonaws.com,Male,71.202.255.139
140,Archaimbaud,Donnellan,adonnellan3v@digg.com,Male,218.60.193.41
148,Seth,Furneaux,sfurneaux43@spotify.com,Male,212.176.50.10
151,Kalvin,Toffalo,ktoffalo46@google.ca,Male,50.25.129.127
153,Haskel,O'Cleary,hocleary48@tripadvisor.com,Male,31.79.181.85
155,Wade,Burdytt,wburdytt4a@sakura.ne.jp,Male,145.153.184.136
156,Elihu,Messer,emesser4b@wp.com,Male,61.181.203.141
162,Fabiano,Couche,fcouche4h@java.com,Male,48.0.173.148
163,Ricard,Esposito,resposito4i@time.com,Male,163.108.156.142
164,Cristobal,Stirtle,cstirtle4j@g.co,Male,58.211.154.155
165,Conney,Mattei,cmattei4k@prnewswire.com,Male,163.174.202.15
166,Rosco,Yegorev,ryegorev4l@sfgate.com,Male,97.38.3.96
167,Ban,Hiddy,bhiddy4m@hatena.ne.jp,Male,171.77.178.189
168,Orlando,Huccaby,ohuccaby4n@nasa.gov,Male,166.204.114.107
170,Guthrey,Lewnden,glewnden4p@comsenz.com,Male,164.225.133.81
172,Fax,Spancock,fspancock4r@ucoz.ru,Male,193.56.226.186
177,Josias,Ginglell,jginglell4w@posterous.com,Male,81.213.129.45
179,Cross,Kumaar,ckumaar4y@sourceforge.net,Male,86.68.26.166
180,Thibaut,St. Paul,tstpaul4z@drupal.org,Male,73.172.117.164
181,Morty,Hagwood,mhagwood50@aboutads.info,Male,220.179.248.172
182,Holden,Bambrough,hbambrough51@uiuc.edu,Male,123.12.144.171
183,Dare,Burbank,dburbank52@biblegateway.com,Male,182.144.131.65
184,Boycey,Kochs,bkochs53@howstuffworks.com,Male,161.30.28.143
185,Cortie,Allbon,callbon54@tamu.edu,Male,198.5.217.178
186,Derry,Scatchar,dscatchar55@youku.com,Male,186.21.179.149
188,Shepperd,Schwandt,sschwandt57@stumbleupon.com,Male,214.196.106.83
189,Ferrel,Heinzler,fheinzler58@home.pl,Male,87.8.198.193
193,Penrod,Seabrook,pseabrook5c@shop-pro.jp,Male,45.148.203.138
194,Darrin,Kilborn,dkilborn5d@google.com.au,Male,116.59.105.87
198,Eberhard,Tillard,etillard5h@dropbox.com,Male,142.221.202.249
199,Lothaire,Reede,lreede5i@google.ca,Male,215.170.169.120
200,Alisander,Yersin,ayersin5j@umn.edu,Male,132.18.73.115
204,Ingra,Franchyonok,ifranchyonok5n@sfgate.com,Male,157.89.100.241
208,Benny,Readwing,breadwing5r@g.co,Male,77.77.207.210
211,Pascal,Itzchaky,pitzchaky5u@disqus.com,Male,88.235.184.13
213,Ginger,Ruzic,gruzic5w@dion.ne.jp,Male,166.45.52.37
215,Torre,Kondrachenko,tkondrachenko5y@squidoo.com,Male,11.73.78.90
216,Ezekiel,Greetham,egreetham5z@un.org,Male,140.174.255.155
217,Natty,Jzak,njzak60@ezinearticles.com,Male,191.121.190.31
219,Kendell,Yter,kyter62@marketwatch.com,Male,46.80.229.117
220,Elmore,Cutmare,ecutmare63@yolasite.com,Male,76.226.165.105
222,Branden,Durston,bdurston65@uol.com.br,Male,191.98.166.116
230,Fred,Mepsted,fmepsted6d@goo.ne.jp,Male,206.165.196.232
231,Granthem,List,glist6e@disqus.com,Male,12.237.87.74
232,Boote,Ojeda,bojeda6f@nsw.gov.au,Male,49.197.94.232
234,Herb,Hallifax,hhallifax6h@bloglovin.com,Male,61.255.191.118
235,Ab,Kleeman,akleeman6i@aol.com,Male,27.223.211.177
236,Lek,Ivashin,livashin6j@bloomberg.com,Male,203.240.121.9
238,Chev,Ferreri,cferreri6l@webeden.co.uk,Male,55.185.56.32
239,Forrest,Yokel,fyokel6m@ihg.com,Male,148.131.220.165
241,Iorgo,Luff,iluff6o@cargocollective.com,Male,56.121.151.33
245,Kinny,Nardi,knardi6s@ucoz.com,Male,225.50.132.6
246,Hy,Malyan,hmalyan6t@wikipedia.org,Male,35.217.225.17
247,Stinky,Dolphin,sdolphin6u@cisco.com,Male,158.100.54.243
249,Ernst,Crowley,ecrowley6w@bloglines.com,Male,216.159.155.187
251,Murdock,Tichner,mtichner6y@ning.com,Male,123.101.46.43
253,Rabi,Camden,rcamden70@businessinsider.com,Male,91.132.237.56
254,Cecilius,Dumphy,cdumphy71@github.io,Male,70.164.88.208
257,Clywd,Ker,cker74@fda.gov,Male,118.190.162.43
263,Melvyn,Halle,mhalle7a@xing.com,Male,73.64.231.221
264,Stephen,Tarry,starry7b@facebook.com,Male,138.95.223.139
265,Cord,Kindleside,ckindleside7c@clickbank.net,Male,155.10.128.77
267,Ransell,Svanetti,rsvanetti7e@clickbank.net,Male,37.56.199.217
272,Pieter,Najera,pnajera7j@loc.gov,Male,195.30.210.176
275,Vernen,Sibary,vsibary7m@amazon.de,Male,145.201.97.85
278,Cristiano,Thieme,cthieme7p@lulu.com,Male,222.218.87.101
281,Gualterio,Stelljes,gstelljes7s@youtu.be,Male,194.94.108.229
282,Sargent,Cosins,scosins7t@walmart.com,Male,86.65.58.167
283,Cort,Zebedee,czebedee7u@craigslist.org,Male,140.122.159.247
286,Arvie,Jachtym,ajachtym7x@devhub.com,Male,174.229.12.245
287,Moses,Itzakson,mitzakson7y@lulu.com,Male,103.30.88.197
290,Raphael,Tower,rtower81@ed.gov,Male,98.52.88.187
292,Westbrooke,McIlhatton,wmcilhatton83@umich.edu,Male,44.84.153.2
293,Ric,Gostling,rgostling84@domainmarket.com,Male,26.53.186.220
294,Aldrich,Braithwaite,abraithwaite85@blogger.com,Male,151.54.196.217
295,Andris,Nisbet,anisbet86@fastcompany.com,Male,247.152.142.20
298,Aland,Wedgwood,awedgwood89@prlog.org,Male,253.83.75.223
299,Burg,Darthe,bdarthe8a@economist.com,Male,103.22.142.196
300,Nicolis,McArd,nmcard8b@bbb.org,Male,52.189.113.57
303,Lemar,Bortoletti,lbortoletti8e@smh.com.au,Male,165.140.96.195
305,Alexio,Ashpital,aashpital8g@wordpress.com,Male,97.85.33.10
308,Tades,Andreu,tandreu8j@woothemes.com,Male,255.116.209.59
309,Chester,Curee,ccuree8k@businessinsider.com,Male,235.217.202.4
310,Clement,Childes,cchildes8l@eventbrite.com,Male,36.78.34.223
313,Addy,Grievson,agrievson8o@wikispaces.com,Male,178.106.245.158
315,Stanislas,Orry,sorry8q@blogspot.com,Male,8.90.51.2
316,Roland,Linzey,rlinzey8r@arizona.edu,Male,205.75.99.16
318,Ade,Spillman,aspillman8t@xrea.com,Male,158.135.72.21
320,Patten,Vignal,pvignal8v@hubpages.com,Male,188.34.40.154
321,Timofei,Tondeur,ttondeur8w@cbc.ca,Male,42.138.80.113
323,Greg,Vakhrushin,gvakhrushin8y@techcrunch.com,Male,176.57.147.119
326,Orville,Seeler,oseeler91@blogger.com,Male,151.198.113.108
329,Sanson,Kirke,skirke94@xinhuanet.com,Male,215.7.3.73
330,Garrott,Paffitt,gpaffitt95@cpanel.net,Male,95.83.15.114
333,Cesaro,Biskupiak,cbiskupiak98@eventbrite.com,Male,97.102.8.100
335,Collin,Vitet,cvitet9a@dyndns.org,Male,245.250.32.61
336,Bartlett,Jewkes,bjewkes9b@bluehost.com,Male,206.214.26.77
338,Kilian,Realy,krealy9d@washingtonpost.com,Male,170.232.121.63
342,Stanislaw,Daveren,sdaveren9h@google.com.au,Male,160.233.221.22
343,Dieter,Rapelli,drapelli9i@surveymonkey.com,Male,252.215.166.97
350,Tobe,Crowcher,tcrowcher9p@forbes.com,Male,120.5.221.241
351,Hamnet,Izkoveski,hizkoveski9q@webeden.co.uk,Male,225.108.204.248
354,Estevan,Loudon,eloudon9t@parallels.com,Male,48.16.6.211
356,Geno,Gentle,ggentle9v@diigo.com,Male,54.174.204.205
358,Cosmo,Satford,csatford9x@dailymotion.com,Male,100.222.185.226
359,Izzy,Greenly,igreenly9y@webs.com,Male,177.253.159.178
360,Ferd,Dearden,fdearden9z@smh.com.au,Male,99.100.34.146
361,Shea,Edbrooke,sedbrookea0@ameblo.jp,Male,70.95.219.54
362,Bradney,Paz,bpaza1@tumblr.com,Male,232.187.11.48
363,Hastings,Flageul,hflageula2@google.co.jp,Male,169.106.199.190
364,Norton,Nozzolinii,nnozzoliniia3@europa.eu,Male,43.30.254.159
367,Jacky,Borrill,jborrilla6@privacy.gov.au,Male,176.203.191.68
368,Frederick,Bes,fbesa7@amazon.de,Male,164.147.141.61
369,Carlin,Merrington,cmerringtona8@issuu.com,Male,154.173.230.166
371,Zeke,Burgess,zburgessaa@privacy.gov.au,Male,183.106.180.145
373,Raymond,Ferrieri,rferrieriac@wikipedia.org,Male,7.167.248.93
374,Shermie,Suter,ssuterad@printfriendly.com,Male,29.197.150.58
375,Finlay,Hanvey,fhanveyae@cargocollective.com,Male,155.106.128.23
377,Giuseppe,Wrought,gwroughtag@amazon.com,Male,2.143.39.161
379,Ody,Durbann,odurbannai@nasa.gov,Male,151.16.170.121
380,Isaak,Lilbourne,ililbourneaj@skyrock.com,Male,241.164.218.129
382,Romain,Guerreru,rguerrerual@delicious.com,Male,191.226.61.204
384,Birch,Coarser,bcoarseran@blogs.com,Male,68.67.140.234
385,Philbert,Tunuy,ptunuyao@ustream.tv,Male,78.127.212.224
386,Tod,Molyneaux,tmolyneauxap@cargocollective.com,Male,200.109.234.242
387,Sheppard,Satchell,ssatchellaq@apple.com,Male,72.151.203.43
389,Fons,Ricciardiello,fricciardielloas@privacy.gov.au,Male,176.160.145.98
390,Herve,Kynsey,hkynseyat@freewebs.com,Male,87.233.153.47
391,Rutter,Feehily,rfeehilyau@webs.com,Male,231.103.4.2
393,Ashby,Shemming,ashemmingaw@nps.gov,Male,54.142.108.169
395,Jeramie,Montacute,jmontacuteay@hhs.gov,Male,68.50.15.218
396,Augy,Troillet,atroilletaz@cocolog-nifty.com,Male,126.14.210.218
399,Gardener,Dofty,gdoftyb2@theatlantic.com,Male,90.238.205.22
403,Baldwin,Gibbins,bgibbinsb6@yellowpages.com,Male,243.115.21.52
406,Winny,Kestle,wkestleb9@jiathis.com,Male,45.22.232.210
407,Araldo,Gillbee,agillbeeba@smh.com.au,Male,191.234.82.223
408,Thatcher,Rattray,trattraybb@uol.com.br,Male,39.12.238.59
409,Jud,Andrioletti,jandriolettibc@mysql.com,Male,157.10.223.65
410,Cecilius,Trulock,ctrulockbd@huffingtonpost.com,Male,174.230.115.241
412,Rickie,Kittow,rkittowbf@newyorker.com,Male,189.75.236.63
414,Torrey,Rubinchik,trubinchikbh@irs.gov,Male,129.28.38.223
416,Errol,Picker,epickerbj@quantcast.com,Male,132.46.50.35
417,Franklin,Cissen,fcissenbk@woothemes.com,Male,234.191.174.101
421,Francklyn,Brockie,fbrockiebo@jimdo.com,Male,249.22.247.50
422,Keary,Merrall,kmerrallbp@eepurl.com,Male,110.46.140.165
424,Lyman,Spurden,lspurdenbr@wordpress.org,Male,61.154.189.29
425,Lezley,Augie,laugiebs@census.gov,Male,217.151.77.212
426,Maury,O'Hogertie,mohogertiebt@sun.com,Male,27.236.206.185
430,Chaddie,Fitkin,cfitkinbx@ucla.edu,Male,101.161.246.100
433,Bevon,Syder,bsyderc0@ocn.ne.jp,Male,164.114.78.84
434,Cad,Haliburn,chaliburnc1@baidu.com,Male,21.115.19.154
435,Deck,Dutton,dduttonc2@angelfire.com,Male,29.181.149.99
436,Marlow,Puddephatt,mpuddephattc3@drupal.org,Male,218.208.14.165
438,Nicholas,Cromer,ncromerc5@tmall.com,Male,50.62.6.52
440,Jay,Muttitt,jmuttittc7@nydailynews.com,Male,51.99.97.153
441,Chickie,Wyllie,cwylliec8@indiatimes.com,Male,96.177.198.36
443,Silas,Calender,scalenderca@last.fm,Male,190.202.238.208
446,Tomkin,Castrillo,tcastrillocd@sohu.com,Male,23.5.242.17
447,Garvy,Gauler,ggaulerce@goodreads.com,Male,63.100.177.110
453,Uriah,Syers,usyersck@google.fr,Male,198.240.10.47
454,Lamond,Elliman,lellimancl@admin.ch,Male,33.0.31.18
455,Chilton,Dunridge,cdunridgecm@webs.com,Male,239.46.117.50
458,Geoffrey,Fairfull,gfairfullcp@yahoo.co.jp,Male,25.12.193.142
467,Uriah,Eaves,ueavescy@businessweek.com,Male,52.81.143.76
468,Brade,Stolberger,bstolbergercz@alexa.com,Male,83.11.56.247
473,Horace,Strangeway,hstrangewayd4@berkeley.edu,Male,138.248.60.172
482,Fergus,Kike,fkikedd@berkeley.edu,Male,96.188.32.70
487,Aldus,Dirkin,adirkindi@netlog.com,Male,130.222.158.126
488,Merwyn,Ivanonko,mivanonkodj@springer.com,Male,151.116.35.126
491,Claudio,Vieyra,cvieyradm@nih.gov,Male,180.87.188.211
492,Riley,Margetts,rmargettsdn@amazonaws.com,Male,61.249.143.177
493,Sandro,Counter,scounterdo@scribd.com,Male,136.157.23.235
494,Desmund,Corrie,dcorriedp@spiegel.de,Male,115.105.136.150
496,Alard,Lowmass,alowmassdr@psu.edu,Male,99.189.252.122
497,Keary,Cotter,kcotterds@addtoany.com,Male,63.200.245.247
499,Horst,Kender,hkenderdu@oakley.com,Male,252.162.79.121
502,Parke,Jarley,pjarleydx@java.com,Male,22.248.214.57
505,Mendie,Goodspeed,mgoodspeede0@spiegel.de,Male,213.180.185.194
507,Olin,Orteu,oorteue2@tumblr.com,Male,236.29.103.145
509,Ario,O'Deegan,aodeegane4@europa.eu,Male,53.134.185.168
510,Arnie,Morfey,amorfeye5@mozilla.org,Male,229.0.158.15
511,Daniel,Minillo,dminilloe6@sun.com,Male,97.24.100.202
514,Patty,Wyllie,pwylliee9@bloomberg.com,Male,205.49.189.92
515,Grant,Hughs,ghughsea@ca.gov,Male,218.45.29.151
516,Fitzgerald,Chaucer,fchaucereb@google.co.uk,Male,149.145.98.194
517,Nil,Kettlestring,nkettlestringec@cloudflare.com,Male,123.92.179.161
519,Davy,Hurnell,dhurnellee@hp.com,Male,7.166.87.184
520,Matteo,Kail,mkailef@wired.com,Male,216.232.221.123
523,Tito,Tivnan,ttivnanei@g.co,Male,13.250.24.103
524,Sheffie,Prowse,sprowseej@paypal.com,Male,69.40.223.2
528,Lennie,Snarr,lsnarren@msu.edu,Male,17.253.175.174
529,Derk,Swanton,dswantoneo@psu.edu,Male,138.7.34.84
532,Drugi,Darte,ddarteer@mashable.com,Male,3.17.190.21
533,Delano,Hankinson,dhankinsones@ebay.co.uk,Male,235.68.130.192
534,Gunner,Magson,gmagsonet@slashdot.org,Male,104.38.167.172
536,Jerrie,Adrienne,jadrienneev@drupal.org,Male,18.180.191.221
539,Cristiano,Fearnside,cfearnsideey@angelfire.com,Male,55.116.111.215
541,Hashim,Ludwell,hludwellf0@plala.or.jp,Male,59.237.126.153
545,Fitzgerald,Torbett,ftorbettf4@nydailynews.com,Male,61.172.189.216
546,Salvador,Mallall,smallallf5@rakuten.co.jp,Male,39.109.123.180
547,Elliot,Mayman,emaymanf6@mayoclinic.com,Male,244.60.119.178
550,Tab,Woodings,twoodingsf9@tuttocitta.it,Male,221.20.152.251
553,Jeffy,Whitley,jwhitleyfc@skyrock.com,Male,149.103.250.196
555,Noble,Caldow,ncaldowfe@ifeng.com,Male,133.121.100.111
556,Merwyn,Townend,mtownendff@dyndns.org,Male,70.24.138.142
558,Theodore,Pavlovsky,tpavlovskyfh@wunderground.com,Male,94.52.69.12
559,Robby,Gavey,rgaveyfi@wikimedia.org,Male,88.155.237.153
561,Vail,Wraggs,vwraggsfk@who.int,Male,163.116.108.90
563,Hamilton,Sorsby,hsorsbyfm@slate.com,Male,183.141.158.254
565,Carey,Divers,cdiversfo@dyndns.org,Male,182.239.16.245
566,Hamlin,Davidi,hdavidifp@amazon.de,Male,17.254.206.109
567,Taber,Ducham,tduchamfq@dailymail.co.uk,Male,253.71.221.201
568,Bord,Butner,bbutnerfr@nytimes.com,Male,2.103.32.50
569,Drew,Thoma,dthomafs@example.com,Male,33.236.4.185
580,Pall,Simanek,psimanekg3@narod.ru,Male,9.216.14.16
581,Jasper,McGooch,jmcgoochg4@yahoo.co.jp,Male,131.189.52.30
583,Gabe,Boole,gbooleg6@loc.gov,Male,178.68.239.90
584,Moises,Basillon,mbasillong7@shareasale.com,Male,116.200.30.254
587,Cristiano,Shawl,cshawlga@163.com,Male,226.55.98.58
594,Barnett,Lind,blindgh@google.nl,Male,254.17.36.220
596,Wilek,Eckart,weckartgj@facebook.com,Male,112.14.66.164
597,Wendel,Strongman,wstrongmangk@noaa.gov,Male,132.96.63.42
598,Errick,Sergeant,esergeantgl@forbes.com,Male,206.28.205.80
604,Dag,Lindeman,dlindemangr@nih.gov,Male,81.253.233.187
606,Sigismond,Prattin,sprattingt@uol.com.br,Male,81.39.100.195
607,Filbert,Pidgeon,fpidgeongu@time.com,Male,200.198.156.114
608,Kliment,Gunter,kguntergv@bluehost.com,Male,93.36.128.25
609,Ambrosi,Chappelle,achappellegw@usa.gov,Male,53.10.78.15
610,Zebulen,Critchell,zcritchellgx@issuu.com,Male,126.19.34.17
615,Gannon,Millen,gmillenh2@blog.com,Male,131.90.181.182
617,Kaiser,Merrell,kmerrellh4@baidu.com,Male,58.143.201.96
619,Kipp,O'Brallaghan,kobrallaghanh6@imgur.com,Male,222.110.91.63
623,Thacher,Syversen,tsyversenha@virginia.edu,Male,162.51.181.15
624,Kenn,Pipes,kpipeshb@netlog.com,Male,28.188.87.12
626,Reinhold,Denny,rdennyhd@devhub.com,Male,65.80.233.6
628,Bob,Willcox,bwillcoxhf@washingtonpost.com,Male,8.120.111.143
638,Dalli,Guillerman,dguillermanhp@wiley.com,Male,80.106.246.170
639,Barrett,Loveitt,bloveitthq@sciencedaily.com,Male,50.210.34.200
640,Chucho,Kimmons,ckimmonshr@reference.com,Male,23.221.61.64
645,Tedmund,Siggs,tsiggshw@cafepress.com,Male,31.26.99.169
646,Gareth,Sprott,gsprotthx@chicagotribune.com,Male,187.93.197.35
653,Niall,Rubinshtein,nrubinshteini4@myspace.com,Male,98.37.154.147
654,Georg,Hawse,ghawsei5@topsy.com,Male,63.232.160.164
656,Berkly,Fozard,bfozardi7@netscape.com,Male,70.197.209.235
658,Matthias,Maplesden,mmaplesdeni9@ted.com,Male,151.179.103.204
659,Werner,Sherville,wshervilleia@fema.gov,Male,77.102.57.162
661,Nickolaus,Ulyatt,nulyattic@tumblr.com,Male,78.11.123.198
662,Prinz,Summerlie,psummerlieid@google.com.au,Male,135.210.255.250
663,Aylmar,Lanceley,alanceleyie@mtv.com,Male,199.81.231.176
666,Sammie,Deehan,sdeehanih@discuz.net,Male,113.43.20.32
668,Reed,Blemen,rblemenij@tuttocitta.it,Male,41.176.5.151
671,Westley,Corneille,wcorneilleim@infoseek.co.jp,Male,163.145.15.131
673,Dion,Lannon,dlannonio@oaic.gov.au,Male,242.145.22.12
675,Doug,Grono,dgronoiq@histats.com,Male,227.245.80.246
676,Berti,Dayly,bdaylyir@japanpost.jp,Male,208.77.79.187
678,Bevon,Formoy,bformoyit@1und1.de,Male,21.163.61.66
680,Pattie,Duncanson,pduncansoniv@acquirethisname.com,Male,36.144.178.102
681,Ware,Koomar,wkoomariw@psu.edu,Male,11.79.243.29
682,Cordie,Tidmas,ctidmasix@slate.com,Male,38.150.4.154
683,Sutton,Bellino,sbellinoiy@omniture.com,Male,62.150.161.226
684,Neville,Gribben,ngribbeniz@imdb.com,Male,123.103.146.81
688,Delmar,Jakoviljevic,djakoviljevicj3@house.gov,Male,9.5.240.215
692,Karlis,Ledward,kledwardj7@ucoz.com,Male,60.190.61.32
700,Obie,Nealy,onealyjf@csmonitor.com,Male,165.160.233.141
702,Gabe,Phippard,gphippardjh@yolasite.com,Male,226.20.250.161
705,Boyce,Mattke,bmattkejk@craigslist.org,Male,4.220.97.25
707,Renaldo,Fetherstone,rfetherstonejm@ehow.com,Male,219.133.147.157
709,Hurlee,Ambrosetti,hambrosettijo@unesco.org,Male,211.179.121.220
710,Steve,Kilgallon,skilgallonjp@boston.com,Male,219.103.159.78
711,Rees,Kennett,rkennettjq@netlog.com,Male,71.95.236.244
712,Vic,Blaxill,vblaxilljr@ustream.tv,Male,10.175.51.223
713,Gorden,Tollerton,gtollertonjs@utexas.edu,Male,183.182.176.157
717,Kristofer,Kyrkeman,kkyrkemanjw@theguardian.com,Male,3.53.161.251
718,Terrel,Hardson,thardsonjx@sciencedirect.com,Male,247.102.136.183
720,Jakie,Coners,jconersjz@mapquest.com,Male,62.71.216.102
721,Alberto,Waiting,awaitingk0@quantcast.com,Male,86.115.51.210
722,Adrien,Brastead,abrasteadk1@csmonitor.com,Male,187.222.85.84
724,Fletch,Tradewell,ftradewellk3@wiley.com,Male,133.178.207.126
725,Val,Dell 'Orto,vdellortok4@skype.com,Male,54.88.50.214
729,Hunfredo,Finlaison,hfinlaisonk8@marriott.com,Male,122.7.113.228
731,Winslow,Cromblehome,wcromblehomeka@prnewswire.com,Male,204.211.71.141
732,Davey,Harbord,dharbordkb@webeden.co.uk,Male,161.242.25.135
739,Anthony,Willavize,awillavizeki@mozilla.org,Male,91.89.178.123
740,Delmore,Knyvett,dknyvettkj@newyorker.com,Male,102.172.228.154
743,Shelby,Schapiro,sschapirokm@over-blog.com,Male,111.218.140.221
744,Silvan,St Leger,sstlegerkn@weebly.com,Male,230.24.29.191
745,Garwin,Carle,gcarleko@ustream.tv,Male,206.226.218.89
749,Nobe,Rosenbarg,nrosenbargks@netvibes.com,Male,180.20.10.50
751,Alexandre,Munt,amuntku@unblog.fr,Male,247.198.239.39
752,Wye,Branchet,wbranchetkv@mtv.com,Male,83.164.169.124
756,Tam,Arkle,tarklekz@mail.ru,Male,57.240.168.91
758,Hale,Bestwick,hbestwickl1@biglobe.ne.jp,Male,117.175.176.209
759,Elliott,Preshous,epreshousl2@berkeley.edu,Male,12.182.11.154
762,Herrick,Greetland,hgreetlandl5@4shared.com,Male,191.220.122.162
767,Waylan,Pottle,wpottlela@newsvine.com,Male,53.241.80.82
768,Fitzgerald,Turmall,fturmalllb@answers.com,Male,137.214.21.34
769,Balduin,Pheasey,bpheaseylc@sogou.com,Male,151.236.157.121
770,Jamill,De Lascy,jdelascyld@simplemachines.org,Male,240.93.136.6
771,Lek,Gilham,lgilhamle@naver.com,Male,190.235.247.26
774,Sayers,Dimock,sdimocklh@dot.gov,Male,187.119.34.170
775,Emmy,Frodsam,efrodsamli@mozilla.com,Male,195.47.192.163
777,Solomon,Dallman,sdallmanlk@bloglines.com,Male,34.22.137.33
779,Parsifal,Fardell,pfardelllm@imdb.com,Male,180.147.113.122
780,Kilian,Sawtell,ksawtellln@cbc.ca,Male,228.125.208.180
781,Dal,Posten,dpostenlo@parallels.com,Male,34.249.180.253
782,Saxon,Ellacott,sellacottlp@craigslist.org,Male,225.168.135.200
784,Kilian,Sprake,ksprakelr@statcounter.com,Male,93.159.27.53
787,Freedman,Portingale,fportingalelu@usda.gov,Male,61.31.115.218
790,Basilius,Tyrer,btyrerlx@moonfruit.com,Male,166.126.213.51
792,Mayor,Pee,mpeelz@jalbum.net,Male,86.217.74.133
793,Rodrique,O'Sherin,rosherinm0@yolasite.com,Male,135.106.253.17
795,Haleigh,Hedley,hhedleym2@kickstarter.com,Male,146.49.79.248
796,Levi,Crucetti,lcrucettim3@oracle.com,Male,208.216.38.180
797,Langsdon,Carmichael,lcarmichaelm4@reuters.com,Male,168.29.101.238
799,Pincus,Firks,pfirksm6@alibaba.com,Male,126.189.199.144
800,Matteo,Butt Gow,mbuttgowm7@theguardian.com,Male,76.101.66.44
803,Simmonds,Pougher,spougherma@quantcast.com,Male,5.144.30.16
806,Murry,Gartside,mgartsidemd@gov.uk,Male,10.150.105.164
807,Aloysius,Hallahan,ahallahanme@bravesites.com,Male,192.94.1.77
808,Wilfrid,Avrashin,wavrashinmf@reuters.com,Male,123.238.55.22
809,Jody,Samter,jsamtermg@1688.com,Male,147.73.187.16
810,Currey,Castano,ccastanomh@pagesperso-orange.fr,Male,29.113.225.193
811,Gaston,Hedde,gheddemi@google.es,Male,16.45.62.56
812,Jeffie,Alger,jalgermj@buzzfeed.com,Male,34.115.75.103
813,Conn,Worrell,cworrellmk@accuweather.com,Male,15.43.105.118
817,Trstram,Brandassi,tbrandassimo@newyorker.com,Male,102.53.235.8
818,Dunstan,Savell,dsavellmp@who.int,Male,250.193.134.108
821,Wilton,Le Leu,wleleums@spiegel.de,Male,181.251.209.56
822,Hunfredo,Maylard,hmaylardmt@sphinn.com,Male,68.106.147.136
823,Robby,Curtoys,rcurtoysmu@pagesperso-orange.fr,Male,135.5.117.144
824,Gabi,Inglefield,ginglefieldmv@mozilla.com,Male,3.44.207.30
827,Salim,Woollons,swoollonsmy@i2i.jp,Male,117.201.104.17
828,Sylas,Maryska,smaryskamz@prweb.com,Male,110.193.231.81
829,Joel,Leah,jleahn0@privacy.gov.au,Male,186.244.97.202
830,Adam,McCaskell,amccaskelln1@dmoz.org,Male,252.115.39.95
831,Holden,Farmer,hfarmern2@webmd.com,Male,153.166.155.135
834,Aluin,Jeanesson,ajeanessonn5@harvard.edu,Male,219.78.122.160
836,Mar,Sperski,msperskin7@salon.com,Male,94.35.118.187
838,Wilhelm,McWhannel,wmcwhanneln9@nih.gov,Male,68.110.203.219
843,Vasily,Gherardini,vgherardinine@51.la,Male,123.197.214.214
845,Austin,Hurlin,ahurlinng@google.co.uk,Male,160.168.184.174
846,Floyd,Shipp,fshippnh@epa.gov,Male,144.6.201.244
847,Alfie,Geikie,ageikieni@fda.gov,Male,239.107.116.30
848,Hamil,Evert,hevertnj@meetup.com,Male,180.171.158.235
850,Ruprecht,Harbisher,rharbishernl@engadget.com,Male,38.174.46.189
853,Tait,Groundwater,tgroundwaterno@sfgate.com,Male,210.194.76.6
855,Reinhard,Lotte,rlottenq@sakura.ne.jp,Male,60.141.196.18
856,Alexandr,Billam,abillamnr@paginegialle.it,Male,230.21.75.219
858,Dean,Elegood,delegoodnt@omniture.com,Male,205.50.200.181
859,Vincenz,Norfolk,vnorfolknu@examiner.com,Male,45.164.155.108
862,Clayton,Simison,csimisonnx@ehow.com,Male,65.82.33.119
863,Haskell,Hamelyn,hhamelynny@usda.gov,Male,62.176.126.224
867,Tyrus,Hubatsch,thubatscho2@angelfire.com,Male,99.231.243.241
869,Esteban,Doniso,edonisoo4@feedburner.com,Male,158.89.155.164
872,Koenraad,Hedgeman,khedgemano7@deviantart.com,Male,207.74.187.72
873,Hieronymus,De Bruin,hdebruino8@earthlink.net,Male,17.34.176.219
874,Quint,Sendall,qsendallo9@dot.gov,Male,231.17.146.206
875,Bernardo,Gaskoin,bgaskoinoa@squidoo.com,Male,139.36.46.7
876,Richmond,Bagge,rbaggeob@livejournal.com,Male,225.84.162.10
877,Felice,Simonnot,fsimonnotoc@xrea.com,Male,30.92.227.204
878,Emmet,Terese,etereseod@weibo.com,Male,160.88.115.10
879,Edik,Schiementz,eschiementzoe@nationalgeographic.com,Male,254.14.86.254
881,Nickolas,Sallans,nsallansog@mlb.com,Male,245.144.112.44
882,Andrus,Bristowe,abristoweoh@wufoo.com,Male,41.156.14.82
885,Ransell,Pulley,rpulleyok@wikia.com,Male,123.77.85.225
887,Xymenes,Adame,xadameom@w3.org,Male,210.32.137.116
892,Ad,Klas,aklasor@virginia.edu,Male,29.131.202.160
894,Felic,MacCawley,fmaccawleyot@spotify.com,Male,177.190.109.174
899,Padraic,McGilvra,pmcgilvraoy@topsy.com,Male,182.83.19.242
900,Ferdinand,Mably,fmablyoz@cafepress.com,Male,144.145.2.122
901,Hersch,Pybworth,hpybworthp0@samsung.com,Male,181.255.98.56
902,Erskine,Lias,eliasp1@aol.com,Male,24.90.24.120
903,Burg,Cadogan,bcadoganp2@yahoo.co.jp,Male,165.82.205.157
904,Sven,Lyne,slynep3@hubpages.com,Male,166.30.207.217
905,Cullen,Tabner,ctabnerp4@google.fr,Male,253.45.112.195
907,Conroy,Swinley,cswinleyp6@google.it,Male,255.254.216.154
908,Holden,Garrettson,hgarrettsonp7@rambler.ru,Male,52.189.48.5
910,Saw,Janney,sjanneyp9@mozilla.org,Male,128.75.70.11
911,Eadmund,Spleving,esplevingpa@npr.org,Male,62.120.206.238
912,Taddeusz,Mullord,tmullordpb@last.fm,Male,188.50.134.71
915,Ches,Kingescot,ckingescotpe@slashdot.org,Male,15.57.151.85
920,Tait,Behr,tbehrpj@vk.com,Male,197.139.6.132
921,Marcos,Lowe,mlowepk@hugedomains.com,Male,47.249.44.158
925,Peyter,Cutmere,pcutmerepo@lycos.com,Male,145.108.251.206
927,Laird,Perrin,lperrinpq@berkeley.edu,Male,112.155.157.178
928,Dannel,Dunley,ddunleypr@nymag.com,Male,19.38.96.90
929,Alexio,Brody,abrodyps@toplist.cz,Male,241.124.48.116
930,Laurence,Groveham,lgrovehampt@php.net,Male,98.63.144.197
935,Charley,Joriot,cjoriotpy@flickr.com,Male,131.225.102.245
941,Rudd,Osipov,rosipovq4@virginia.edu,Male,0.198.158.95
942,Ximenes,Solland,xsollandq5@house.gov,Male,8.36.75.208
943,Walsh,Duffell,wduffellq6@loc.gov,Male,130.4.148.186
944,Teddy,Hebard,thebardq7@unicef.org,Male,71.129.196.157
946,Caesar,Willstrop,cwillstropq9@huffingtonpost.com,Male,1.234.81.189
948,Linus,Ondrasek,londrasekqb@reddit.com,Male,203.171.248.251
950,Claudell,Duerden,cduerdenqd@howstuffworks.com,Male,223.132.33.21
952,Aguistin,Georghiou,ageorghiouqf@blinklist.com,Male,179.43.164.185
953,Rudolfo,Loalday,rloaldayqg@typepad.com,Male,44.44.132.214
955,Yancy,Gretton,ygrettonqi@nhs.uk,Male,19.98.129.88
957,Tuckie,Dootson,tdootsonqk@forbes.com,Male,185.126.221.110
958,Isidro,Ickovic,iickovicql@odnoklassniki.ru,Male,152.155.24.146
960,Homere,Bamber,hbamberqn@comcast.net,Male,83.2.50.219
962,Lou,Tunbridge,ltunbridgeqp@flavors.me,Male,152.22.73.95
963,Desi,Hakey,dhakeyqq@deliciousdays.com,Male,4.112.142.46
964,Leslie,MacCafferky,lmaccafferkyqr@sciencedirect.com,Male,115.252.179.212
965,Hanan,Lincoln,hlincolnqs@angelfire.com,Male,64.91.32.126
966,Chadd,Blasio,cblasioqt@youku.com,Male,233.194.25.206
975,Mackenzie,Stockau,mstockaur2@webmd.com,Male,151.190.42.56
977,Ike,Mynett,imynettr4@nymag.com,Male,71.45.235.137
978,Ollie,Baynham,obaynhamr5@last.fm,Male,209.235.115.180
979,Dalli,Livesey,dliveseyr6@youku.com,Male,100.158.86.105
981,Ive,Collihole,icolliholer8@stumbleupon.com,Male,228.227.86.90
982,Donnell,Dohmann,ddohmannr9@cargocollective.com,Male,65.112.33.143
983,Johnny,Mascall,jmascallra@mozilla.org,Male,73.215.91.137
987,Cullin,Crighton,ccrightonre@google.co.uk,Male,112.23.123.222
989,Orson,Philippault,ophilippaultrg@free.fr,Male,152.97.9.123
991,Nate,Cubitt,ncubittri@bbb.org,Male,247.222.197.107
994,Rafe,Herety,rheretyrl@ycombinator.com,Male,246.243.88.156
998,Ring,Tunuy,rtunuyrp@chicagotribune.com,Male,124.219.202.139
999,Jorge,Briscam,jbriscamrq@goo.ne.jp,Male,183.187.222.114
